idx,pre,post,sections,type
1,PVNL,PQR,1,chemical
2,PVNL,hyp,1,chemical
3,g0,PVCR,1,chemical
4,g0,PVCR,1,chemical
5,gx,r30,1,chemical
6,gx,r30,1,chemical
7,gx,r30,3,chemical
8,RID,hyp,1,chemical
9,RID,hyp,1,chemical
10,DA09,DD06,2,chemical
11,DA09,dBWML,2,chemical
12,PDA,dBWML,1,chemical
13,PDA,DD06,1,chemical
14,RID,[AS11],1,chemical
15,RID,DD06,1,chemical
16,RID,DD06,1,chemical
17,PDA,DD06,1,chemical
18,PDA,DD06,1,chemical
19,DA09,DD06,2,chemical
20,DA09,dBWML,2,chemical
21,PDB,dBWML,1,chemical
22,PDB,DD06,1,chemical
23,PDB,DD06,1,chemical
24,PDB,dBWML,1,chemical
25,[AS11],dBWML,1,chemical
26,[AS11],DD06,1,chemical
27,[AS11],dBWMR,2,chemical
28,[AS11],DD06,2,chemical
29,[AS11],[VD13],2,chemical
30,[VD13],dBWMR,2,chemical
31,[VD13],DD06,2,chemical
32,[DB08],[VD13],1,chemical
33,[DB08],dBWMR,1,chemical
34,[DB08],DD06,1,chemical
35,[VD13],dBWMR,1,chemical
36,[VD13],DD06,1,chemical
37,[VD13],[DB08],1,chemical
38,DA09,[DB08],2,chemical
39,DA09,dBWML,2,chemical
40,[AS11],dBWML,1,chemical
41,[AS11],[DB08],1,chemical
42,PHBR,PVCR,3,chemical
43,PHBR,AVAL,3,chemical
44,PHCR,DVA,1,chemical
45,PHCR,AVHR,1,chemical
46,PHCR,DVA,2,chemical
47,PHBR,PVCR,2,chemical
48,PHBR,PHCR,2,chemical
49,PHBR,AVAL,2,chemical
50,PHCL,AVAL,3,chemical
51,PHCL,PVCL,3,chemical
52,PHCR,DVA,1,chemical
53,PHCR,AVHR,1,chemical
54,PHBR,PVCR,1,chemical
55,PHBR,PHCR,1,chemical
56,PHCR,DVA,4,chemical
57,PHBR,PVCR,2,chemical
58,PHCL,AVAL,2,chemical
59,PHCL,PVCL,2,chemical
60,PVNR,hyp,1,chemical
61,PVNR,PVWL,1,chemical
62,PVNR,PVWL,1,chemical
63,PVNR,PQR,1,chemical
64,PVNR,hyp,2,chemical
65,PVNR,PVWL,2,chemical
66,PVNR,PQR,2,chemical
67,DVB,DA08,5,chemical
68,DVB,hyp,5,chemical
69,PHCR,DA09,2,chemical
70,PHCR,DVA,2,chemical
71,PHCR,DVA,1,chemical
72,PHCR,PHAR,1,chemical
73,PHCR,DA09,1,chemical
74,PHCR,DVA,1,chemical
75,PVNL,PVCL,4,chemical
76,PVNL,AVAL,4,chemical
77,PHAL,AVG,1,chemical
78,PHAL,DVA,1,chemical
79,PHCR,DA09,1,chemical
80,PHCR,PVCR,1,chemical
81,PHBL,AVAL,2,chemical
82,PHBL,PVCL,2,chemical
83,PHBL,AVAL,7,chemical
84,PHBL,PVCL,7,chemical
85,PHCR,DA09,6,chemical
86,PHCR,PVCR,6,chemical
87,PHBL,AVAL,1,chemical
88,PHBL,PVCL,1,chemical
89,PHBR,AVAL,1,chemical
90,PHBR,PVCL,1,chemical
91,PHAR,DVA,1,chemical
92,PHAR,AVG,1,chemical
93,PHAR,DVA,1,chemical
94,PHAR,DA08,2,chemical
95,PHAR,AVG,2,chemical
96,PHAR,DVA,2,chemical
97,PHCR,DA09,1,chemical
98,PHCR,PVCR,1,chemical
99,DVB,DA08,2,chemical
100,DVB,hyp,2,chemical
101,PHCR,PVCR,4,chemical
102,PHCR,LUAR,4,chemical
103,PHAR,DVA,1,chemical
104,LUAR,PVR,2,chemical
105,LUAR,PDB,2,chemical
106,PHCR,DA09,1,chemical
107,PHCR,PVCR,1,chemical
108,PHCR,LUAR,1,chemical
109,PHCL,PVQR,1,chemical
110,PHCL,DVA,1,chemical
111,PHCL,DA09,1,chemical
112,PHCR,PVCR,1,chemical
113,PHCR,LUAR,1,chemical
114,PHCL,PVQR,1,chemical
115,PHCL,DVA,1,chemical
116,PHCR,PVQR,4,chemical
117,PHCR,DVA,4,chemical
118,PHCR,DA09,4,chemical
119,VA12,PVCR,1,chemical
120,VA12,PHCR,1,chemical
121,PHBL,AVAL,4,chemical
122,PHBL,PVCL,4,chemical
123,PHCR,DVA,2,chemical
124,PHCR,VA12,2,chemical
125,PHCR,PHCL,1,chemical
126,PHCR,DVA,1,chemical
127,PHCR,VA12,1,chemical
128,PHBR,PHCL,1,chemical
129,PHBR,AVAL,1,chemical
130,PHBR,PHBL,1,chemical
131,PHCR,PHCL,1,chemical
132,PHCR,DVA,1,chemical
133,PHCR,VA12,1,chemical
134,PHCR,VA12,4,chemical
135,PHCR,PVCR,4,chemical
136,PHCR,PHCL,1,chemical
137,PHCR,DVA,1,chemical
138,PHAL,PVQL,1,chemical
139,PHAL,PHAR,1,chemical
140,AVAR,PVCR,5,chemical
141,AVAR,LUAR,5,chemical
142,PHCL,DVA,5,chemical
143,PHCL,VA12,5,chemical
144,LUAR,AVJR,4,chemical
145,LUAR,AVAR,4,chemical
146,PHCL,DVA,1,chemical
147,PHCL,VA12,1,chemical
148,LUAR,AVAR,4,chemical
149,LUAR,PVCR,4,chemical
150,DVB,AVL,5,chemical
151,DVB,PVPL,5,chemical
152,PHBL,AVAL,4,chemical
153,PHBL,PVCL,4,chemical
154,bl11,vBWM,1,chemical
155,AVAL,DA07,1,chemical
156,AVAL,VA10,1,chemical
157,AVAL,AS10,1,chemical
158,PQR,AVDR,1,chemical
159,PQR,AVAR,1,chemical
160,PQR,AVDL,1,chemical
161,PVWR,AVDR,1,chemical
162,AVFL,AVBL,1,chemical
163,AVFL,AS10,1,chemical
164,DVA,VB11,1,chemical
165,DVA,VA12,1,chemical
166,PHAL,PVQL,2,chemical
167,PHAL,PHAR,2,chemical
168,AVBR,AS10,1,chemical
169,VB10,DD06,1,chemical
170,VB10,vBWM,1,chemical
171,VB10,PVT,1,chemical
172,VB10,DD06,1,chemical
173,VB10,vBWM,1,chemical
174,PVCL,bl15,2,chemical
175,PVCL,DB07,2,chemical
176,PVCL,DA08,2,chemical
177,VA11,DD06,2,chemical
178,VA11,vBWM,2,chemical
179,AVAR,DA07,1,chemical
180,AVAR,VA10,1,chemical
181,PVQL,PVPL,1,chemical
182,AVDR,AVAR,1,chemical
183,AVDR,AS10,1,chemical
184,AVDR,PQR,1,chemical
185,LUAR,AVAR,5,chemical
186,LUAR,PVCR,5,chemical
187,AVDR,AVAR,1,chemical
188,AVDR,AS10,1,chemical
189,AVAL,AS10,3,chemical
190,AVAL,VA10,3,chemical
191,VB10,DD06,1,chemical
192,VB10,vBWM,1,chemical
193,PHBL,VA12,1,chemical
194,PHBL,AVAR,1,chemical
195,VA11,DD06,1,chemical
196,VA11,vBWM,1,chemical
197,VA11,VD11,1,chemical
198,VA11,DD06,1,chemical
199,VA11,vBWM,1,chemical
200,VD11,VA11,1,chemical
201,AVDL,AS10,1,chemical
202,AVDL,DA08,1,chemical
203,AVDL,VA10,1,chemical
204,VB10,DD06,1,chemical
205,VB10,vBWM,1,chemical
206,VB10,VD11,1,chemical
207,VB10,DD06,1,chemical
208,VB10,vBWM,1,chemical
209,VB10,DD06,1,chemical
210,VB10,vBWM,1,chemical
211,VA11,DD06,1,chemical
212,VA11,vBWM,1,chemical
213,PDER,DVA,1,chemical
214,AVBR,AVDL,1,chemical
215,AVBR,AVAL,1,chemical
216,VD11,vBWM,1,chemical
217,LUAL,AVAL,4,chemical
218,LUAL,AVAR,4,chemical
219,PQR,AVAR,1,chemical
220,PQR,AVAL,1,chemical
221,VB10,VA11,1,chemical
222,VB10,VD11,1,chemical
223,VB10,vBWM,1,chemical
224,VA11,VD11,1,chemical
225,VA11,vBWM,1,chemical
226,PVNL,AVAL,1,chemical
227,PVNL,AVBR,1,chemical
228,VD11,vBWM,1,chemical
229,VD11,VB10,1,chemical
230,VC06,VD11,2,chemical
231,VC06,PVNR,2,chemical
232,VB10,DD06,2,chemical
233,VB10,vBWM,2,chemical
234,VA11,DD06,1,chemical
235,VA11,vBWM,1,chemical
236,VA11,VB10,1,chemical
237,PVCR,PDEL,1,chemical
238,PVCR,bl15,1,chemical
239,VA11,DD06,1,chemical
240,VA11,vBWM,1,chemical
241,DVB,DA08,2,chemical
242,DVB,intL,2,chemical
243,VD11,vBWM,1,chemical
244,VD11,AVAR,1,chemical
245,VD11,PVT,1,chemical
246,AVAR,DA07,1,chemical
247,AVAR,DA08,1,chemical
248,AVAR,VA10,1,chemical
249,AVAR,DA07,1,chemical
250,AVAR,DA08,1,chemical
251,VA11,VD11,1,chemical
252,VA11,vBWM,1,chemical
253,AVAR,PVCL,1,chemical
254,AVAR,DA07,1,chemical
255,AVAR,DA08,1,chemical
256,DVA,hyp,1,chemical
257,DVA,PVR,1,chemical
258,VB10,VD11,1,chemical
259,VB10,DD06,1,chemical
260,VB10,vBWM,1,chemical
261,LUAL,AVAL,1,chemical
262,LUAL,AVAR,1,chemical
263,AVFL,[intestine],1,chemical
264,AVFL,DVB,1,chemical
265,AVDL,AVAR,1,chemical
266,AVDL,DA08,1,chemical
267,AVDL,VA10,1,chemical
268,VA11,vBWM,1,chemical
269,VD11,AVAR,1,chemical
270,VD11,vBWM,2,chemical
271,AVFR,hyp,1,chemical
272,PVCR,VB11,2,chemical
273,PVCR,bl15,2,chemical
274,VD11,DD06,1,chemical
275,VD11,vBWM,1,chemical
276,VB10,DD06,1,chemical
277,VB10,vBWM,1,chemical
278,VA11,DD06,1,chemical
279,VA11,vBWM,1,chemical
280,VA11,VD11,1,chemical
281,VA11,DD06,1,chemical
282,VA11,vBWM,1,chemical
283,VC06,DD06,1,chemical
284,VC06,VD11,1,chemical
285,VD11,vBWM,1,chemical
286,VA11,DD06,1,chemical
287,VA11,vBWM,1,chemical
288,bl11,vBWM,1,chemical
289,AVAL,DA07,1,chemical
290,AVAL,b18,1,chemical
291,VB10,VD11,2,chemical
292,VB10,DD06,2,chemical
293,VB10,vBWM,2,chemical
294,AVAL,AVAR,1,chemical
295,AVAL,DA07,1,chemical
296,AVAL,b18,1,chemical
297,VB10,VD11,1,chemical
298,VB10,vBWM,1,chemical
299,DVB,AVL,2,chemical
300,DVB,[intestine],2,chemical
301,VD11,DD06,1,chemical
302,VD11,VA11,1,chemical
303,VC06,DD06,1,chemical
304,VC06,VD11,1,chemical
305,VA11,VD11,1,chemical
306,VA11,DD06,1,chemical
307,VA11,vBWM,1,chemical
308,PVCR,VB11,1,chemical
309,PVCR,bl15,1,chemical
310,PVCR,DA07,1,chemical
311,VB10,VA11,1,chemical
312,VB10,vBWM,1,chemical
313,VD11,vBWM,1,chemical
314,PHBR,AVAL,2,chemical
315,PHBR,PVCL,2,chemical
316,PDEL,DVA,1,chemical
317,PDEL,PVR,1,chemical
318,AVBL,VA10,1,chemical
319,AVDR,DA08,1,chemical
320,AVDR,AVAL,1,chemical
321,AVFL,hyp,1,chemical
322,AVAR,PVCR,2,chemical
323,AVAR,LUAR,2,chemical
324,PVNR,PQR,1,chemical
325,PVNR,AVBR,1,chemical
326,AVAR,DA07,1,chemical
327,AVAR,b18,1,chemical
328,AVAR,AVAL,1,chemical
329,VB10,VD11,1,chemical
330,VB10,vBWM,1,chemical
331,AVAR,DA07,1,chemical
332,AVAR,b18,1,chemical
333,VB10,DD06,1,chemical
334,VB10,vBWM,1,chemical
335,VB10,DD06,1,chemical
336,VA11,DD06,1,chemical
337,VA11,vBWM,1,chemical
338,VA11,DD06,1,chemical
339,VA11,vBWM,1,chemical
340,PVWR,VA12,1,chemical
341,PVWR,AVAR,1,chemical
342,PVCL,bl19,1,chemical
343,PVCL,PDEL,1,chemical
344,PVCL,VB11,1,chemical
345,PHAR,PHBR,2,chemical
346,PHAR,PHAL,2,chemical
347,PVNL,LUAL,2,chemical
348,PVNL,PVNR,2,chemical
349,PVNL,PVWL,2,chemical
350,PVNL,hyp,2,chemical
351,DVB,[intestine],1,chemical
352,DVB,PVPL,1,chemical
353,PHBR,AVAL,8,chemical
354,PHBR,PVCL,8,chemical
355,PVNL,PVNR,1,chemical
356,PVNL,PVWL,1,chemical
357,LUAL,AVAL,6,chemical
358,LUAL,AVDL,6,chemical
359,PVNL,LUAL,1,chemical
360,PVNL,PVNR,1,chemical
361,PVNL,PVWL,1,chemical
362,DVB,[intestine],2,chemical
363,DVB,PVPL,2,chemical
364,PHBR,AVAL,4,chemical
365,PHBR,PVCL,4,chemical
366,PHAL,AVHL,2,chemical
367,PHAL,DA08,2,chemical
368,PHAL,AVFL,1,chemical
369,PHAL,AVHL,1,chemical
370,PHAL,DA08,1,chemical
371,PHBL,PHBR,1,chemical
372,PHBL,AVAR,1,chemical
373,VD13,[intestine],1,chemical
374,VD13,vBWM,1,chemical
375,PHAR,PHBR,2,chemical
376,PHAR,PHAL,2,chemical
377,DVB,DA08,1,chemical
378,DVB,DD06,1,chemical
379,PHBL,AVAL,10,chemical
380,PHBL,PVCL,10,chemical
381,PHBR,VA12,1,chemical
382,PHBR,AVAR,1,chemical
383,DVB,[intestine],1,chemical
384,DVB,AVL,3,chemical
385,DVB,[intestine],3,chemical
386,LUAR,AVDR,7,chemical
387,LUAR,AVAR,7,chemical
388,PHAL,PHBL,1,chemical
389,PHAL,AVFL,1,chemical
390,PHAR,PHAL,1,chemical
391,PHAR,PVQL,1,chemical
392,PHBR,AVAL,5,chemical
393,PHBR,PVCL,5,chemical
394,PHBL,hyp,2,chemical
395,PHAL,PHBL,2,chemical
396,PHAL,AVFL,2,chemical
397,PHBR,AVAL,1,chemical
398,PHBR,PVCL,1,chemical
399,AVL,[intestine],1,chemical
400,PHBL,VA12,3,chemical
401,PHBL,PVCL,3,chemical
402,PHBR,PVCR,5,chemical
403,PHBR,AVAR,5,chemical
404,AVDR,AVDL,1,chemical
405,AVDR,AVAL,1,chemical
406,LUAL,AVAL,4,chemical
407,LUAL,AVDL,4,chemical
408,PHBR,PVCR,8,chemical
409,PHBR,AVAR,8,chemical
410,DVB,PVPL,1,chemical
411,DVB,DVC,1,chemical
412,DVB,VD13,1,chemical
413,DVB,PVPL,1,chemical
414,DVB,DVC,1,chemical
415,DVB,DD06,4,chemical
416,DVB,AVL,4,chemical
417,PVQL,AVHR,1,chemical
418,PVQL,DA08,1,chemical
419,PVQL,DD06,1,chemical
420,AVAR,PVCR,9,chemical
421,AVAR,LUAR,9,chemical
422,LUAL,AVAR,5,chemical
423,LUAL,AVDL,5,chemical
424,DVB,DD06,5,chemical
425,DVB,AVL,5,chemical
426,PHAR,PHAL,1,chemical
427,PHAR,PVQL,1,chemical
428,PHAR,PVQR,1,chemical
429,PHAR,PHAL,1,chemical
430,PHAR,PVQL,1,chemical
431,AVAL,LUAL,5,chemical
432,AVAL,PVCL,5,chemical
433,AVAL,VA11,2,chemical
434,AVAL,VA12,2,chemical
435,AVDL,AVAL,1,chemical
436,AVDL,VA12,1,chemical
437,PHBL,AVDR,1,chemical
438,PHBL,VA12,1,chemical
439,PHBL,AVAL,1,chemical
440,PQR,AVDL,2,chemical
441,PQR,AVAR,2,chemical
442,PQR,AVDL,1,chemical
443,PHAL,PHBR,1,chemical
444,PHAL,AVDR,1,chemical
445,PHAL,PHAR,1,chemical
446,PHAL,PHBR,1,chemical
447,PHAL,AVDR,1,chemical
448,PHAL,PHBL,1,chemical
449,PHAR,AVDR,1,chemical
450,PHAR,PHAL,1,chemical
451,AVDR,LUAL,2,chemical
452,AVDR,AVAL,2,chemical
453,PHAR,AVDR,1,chemical
454,PHAR,PHAL,1,chemical
455,PHAL,PHBR,1,chemical
456,PHAL,PHBL,1,chemical
457,DA09,DVA,1,chemical
458,DA09,hyp,1,chemical
459,PHBL,AVAL,13,chemical
460,PHBL,PVCL,13,chemical
461,PHAL,PHAR,2,chemical
462,PHAL,PHBR,2,chemical
463,LUAR,AVDR,5,chemical
464,LUAR,AVAR,5,chemical
465,LUAR,AVDL,2,chemical
466,LUAR,AVDR,2,chemical
467,LUAR,AVAR,2,chemical
468,PHAR,PHBL,2,chemical
469,LUAL,AVAL,1,chemical
470,LUAL,AVDR,1,chemical
471,LUAL,AVAR,1,chemical
472,LUAL,AVDL,1,chemical
473,PHBR,AVAL,6,chemical
474,PHBR,PVCL,6,chemical
475,LUAL,AVAL,5,chemical
476,LUAL,AVDR,5,chemical
477,PHBR,AVAR,2,chemical
478,PHBR,AVDR,2,chemical
479,PHBR,AVAR,1,chemical
480,PHBR,AVDR,1,chemical
481,PHBR,AVAL,1,chemical
482,PHBR,AVDR,2,chemical
483,PHBR,AVAL,2,chemical
484,PHAL,PHAR,2,chemical
485,PHAL,PHBL,2,chemical
486,AVL,vBWM,1,chemical
487,AVL,vBWM,1,chemical
488,PVNL,PVT,2,chemical
489,PVNL,AVDL,1,chemical
490,PVNL,PVT,1,chemical
491,PVNL,PVWR,1,chemical
492,AVG,PHAL,2,chemical
493,AVG,PVQR,2,chemical
494,PHBL,AVAR,1,chemical
495,PHBL,PHBR,1,chemical
496,PHBL,AVAR,1,chemical
497,AVDR,AVAL,1,chemical
498,AVDR,VA11,1,chemical
499,PHAR,PHBR,1,chemical
500,PHAR,PHBL,1,chemical
501,PQR,AVDR,4,chemical
502,PQR,AVAR,4,chemical
503,LUAR,PVNL,1,chemical
504,LUAR,PVWR,1,chemical
505,PVCR,LUAR,1,chemical
506,PVCR,PVWR,1,chemical
507,PQR,AVDR,2,chemical
508,PQR,AVAR,2,chemical
509,PHAR,AVG,1,chemical
510,PHAR,PVT,1,chemical
511,PHAL,PHBR,1,chemical
512,PHAL,AVHR,1,chemical
513,PHAL,AVHL,1,chemical
514,PHAR,AVG,1,chemical
515,PHAR,PVT,1,chemical
516,PHAR,PVPL,1,chemical
517,bl11,hyp,1,chemical
518,bl11,AS11,1,chemical
519,PQR,AVAR,3,chemical
520,PHBR,AVAR,2,chemical
521,PHBR,PHBL,2,chemical
522,PHAR,AVG,2,chemical
523,PHAR,PVPL,2,chemical
524,LUAL,AVJL,1,chemical
525,LUAL,AVJR,1,chemical
526,LUAL,AVAL,1,chemical
527,LUAL,AVJL,3,chemical
528,LUAL,AVAL,3,chemical
529,PQR,PVNL,2,chemical
530,PQR,AVDL,2,chemical
531,PHAL,AVG,1,chemical
532,PHAL,AVG,1,chemical
533,PHAL,PHAR,1,chemical
534,PVNR,PVWL,4,chemical
535,PVNR,hyp,4,chemical
536,PHAL,AVG,1,chemical
537,PHAL,PHAR,1,chemical
538,PHAL,PHBR,1,chemical
539,PHAL,AVG,3,chemical
540,PHAL,PHAR,3,chemical
541,AVAR,VA11,2,chemical
542,AVAR,DA08,2,chemical
543,PVQR,DD06,2,chemical
544,PVQR,AVL,2,chemical
545,PHBL,AVAR,4,chemical
546,PHBL,PVCL,4,chemical
547,AVDR,LUAL,1,chemical
548,AVDR,AVAR,1,chemical
549,PHBL,PHBR,2,chemical
550,PHBL,AVAR,2,chemical
551,PHBL,PVCL,2,chemical
552,PVNL,PQR,3,chemical
553,PVNL,AVDL,3,chemical
554,PVNL,AVDR,3,chemical
555,PHBR,AVAR,1,chemical
556,PHBR,PVCL,1,chemical
557,PHBR,AVAR,11,chemical
558,PHBR,PVCL,11,chemical
559,VA12,DA08,1,chemical
560,VA12,PVCL,1,chemical
561,VA12,LUAL,1,chemical
562,VA12,AVAL,1,chemical
563,VA12,DA08,1,chemical
564,VA12,LUAL,1,chemical
565,DA09,AS11,1,chemical
566,DA09,hyp,1,chemical
567,PHAR,PHAL,1,chemical
568,PHAR,AVG,1,chemical
569,PHAR,PHBR,1,chemical
570,PHAR,AVG,1,chemical
571,PHAR,PHBR,1,chemical
572,AVFL,AVHL,1,chemical
573,AVDL,LUAL,2,chemical
574,AVDL,AVAR,2,chemical
575,LUAL,AVAR,11,chemical
576,LUAL,AVDL,11,chemical
577,PHAR,PVQL,1,chemical
578,PHAR,PHAL,1,chemical
579,VA12,AVAL,2,chemical
580,VA12,DB07,2,chemical
581,VA12,DA09,2,chemical
582,VA12,VA11,2,chemical
583,AVKR,vBWM,3,chemical
584,PHBL,AVAR,4,chemical
585,PHBL,PVCL,4,chemical
586,LUAL,AVAR,1,chemical
587,AVAL,DB07,2,chemical
588,AVAL,DA09,2,chemical
589,AVAL,VA12,2,chemical
590,PHBL,AVAR,1,chemical
591,PHBL,PVCL,1,chemical
592,AVAR,LUAL,4,chemical
593,AVAR,PVCL,4,chemical
594,PHBL,AVAR,1,chemical
595,PHBL,PVCL,1,chemical
596,PHAL,AVG,3,chemical
597,PHAL,PHBR,3,chemical
598,PHBL,AVAR,9,chemical
599,PHBL,PVCL,9,chemical
600,VA12,DB07,1,chemical
601,VA12,DA09,1,chemical
602,VA12,VA11,1,chemical
603,VA12,DA09,1,chemical
604,VA12,VA11,1,chemical
605,AVAL,DA07,1,chemical
606,AVAL,VA10,1,chemical
607,AVG,PHAL,1,chemical
608,AVG,DA08,1,chemical
609,PHBL,AVAL,1,chemical
610,PHBL,PVCL,1,chemical
611,LUAL,PHBL,2,chemical
612,LUAL,AVAL,2,chemical
613,AVAL,PVNL,2,chemical
614,AVAL,PVCL,2,chemical
615,AVAL,LUAL,2,chemical
616,PHBL,AVAL,3,chemical
617,PHBL,PVCL,3,chemical
618,LUAL,PVNL,1,chemical
619,LUAL,PVWL,1,chemical
620,PHAR,PHBR,1,chemical
621,PHBR,PVCR,1,chemical
622,PHBR,PHCR,1,chemical
623,PHCR,DA09,1,chemical
624,PHCR,PVCR,1,chemical
625,PHCR,DA09,1,chemical
626,PHCR,PVCR,1,chemical
627,PHCR,DA09,2,chemical
628,PHCR,PVCR,2,chemical
629,PHCR,DA09,1,chemical
630,PHCR,PVCR,1,chemical
631,PHCR,DA09,1,chemical
632,PHCR,PVCR,1,chemical
633,PHCR,DA09,2,chemical
634,PHCR,PVCR,2,chemical
635,LUAR,hyp,1,chemical
636,LUAR,PVWR,1,chemical
637,LUAR,obj,1,chemical
638,VA12,DB07,1,chemical
639,VA12,DA09,1,chemical
640,DVA,vBWM,2,chemical
641,VD12,vBWM,3,chemical
642,VA12,VB11,2,chemical
643,VA12,VB11,1,chemical
644,VA12,AS11,1,chemical
645,VA12,hyp,1,chemical
646,VA12,VB11,1,chemical
647,VA12,DA09,1,chemical
648,VA12,AS11,1,chemical
649,VA12,hyp,1,chemical
650,VA12,DA09,1,chemical
651,VA12,AS11,1,chemical
652,PHBR,AVDL,1,chemical
653,PHBR,AVAR,1,chemical
654,PHBR,PHBL,1,chemical
655,PHBR,AVDL,6,chemical
656,PHBR,AVAR,6,chemical
657,LUAR,PVWL,3,chemical
658,LUAR,AVAL,3,chemical
659,PQR,AVAL,2,chemical
660,PQR,DB07,2,chemical
661,LUAR,AVAL,7,chemical
662,LUAR,PQR,7,chemical
663,AVL,vBWM,1,chemical
664,PQR,LUAR,3,chemical
665,PQR,AVAL,3,chemical
666,VD13,vBWM,1,chemical
667,PHBL,AVG,1,chemical
668,PHBL,PVNL,1,chemical
669,VD13,vBWM,1,chemical
670,PVNR,vBWM,1,chemical
671,PVNR,PVWR,1,chemical
672,PVNR,VD13,1,chemical
673,PVNR,vBWM,1,chemical
674,PVNR,VD13,1,chemical
675,PVNR,vBWM,1,chemical
676,PVNR,PVWR,1,chemical
677,PVNL,AVDR,2,chemical
678,PVNL,AVDL,2,chemical
679,AVAL,PVCR,1,chemical
680,AVAL,VA12,1,chemical
681,AVAL,DA08,1,chemical
682,AVAL,PVCL,1,chemical
683,AVDR,PQR,2,chemical
684,AVDR,hyp,2,chemical
685,AVDR,AVAR,2,chemical
686,VB11,PVWR,1,chemical
687,VB11,VD13,1,chemical
688,VB11,vBWM,1,chemical
689,VB11,PVWL,1,chemical
690,VB11,VD13,1,chemical
691,VB11,vBWM,1,chemical
692,VD13,vBWM,3,chemical
693,VB11,VD13,5,chemical
694,VB11,vBWM,5,chemical
695,PHBL,AVDL,6,chemical
696,PHBL,AVAR,6,chemical
697,VA12,DA09,3,chemical
698,VA12,AS11,3,chemical
699,VA12,DA08,3,chemical
700,PQR,AVAR,3,chemical
701,PQR,AVDL,3,chemical
702,VA12,DA09,2,chemical
703,VA12,DA08,2,chemical
704,PQR,AVAL,1,chemical
705,PQR,PVCL,1,chemical
706,PQR,DA08,1,chemical
707,VB11,PVCR,1,chemical
708,VB11,VA12,1,chemical
709,VA12,VD13,1,chemical
710,VA12,vBWM,1,chemical
711,AVAL,PVCL,1,chemical
712,AVAL,DA08,1,chemical
713,AVAL,AS11,1,chemical
714,AVJR,AVAL,2,chemical
715,AVJR,AVAR,2,chemical
716,VB11,VD13,3,chemical
717,VB11,DD06,3,chemical
718,VB11,vBWM,3,chemical
719,VB11,DD06,3,chemical
720,VB11,vBWM,3,chemical
721,VA12,DA09,1,chemical
722,VA12,DA08,1,chemical
723,VA12,PVCR,1,chemical
724,VA12,DB07,1,chemical
725,VA12,DA09,1,chemical
726,VA12,DA08,1,chemical
727,VB11,VD13,1,chemical
728,VB11,DD06,1,chemical
729,VB11,vBWM,1,chemical
730,VA12,DB07,2,chemical
731,VA12,DA09,2,chemical
732,VB11,VD13,2,chemical
733,VB11,vBWM,2,chemical
734,AVKR,hyp,1,chemical
735,AVAR,DA08,1,chemical
736,AVAR,VA11,1,chemical
737,AVAR,AS11,1,chemical
738,AVAR,DA08,3,chemical
739,AVAR,VA11,3,chemical
740,AVAR,AS11,3,chemical
741,AVAR,VA11,1,chemical
742,AVAR,AS11,1,chemical
743,VB11,VD13,1,chemical
744,VB11,vBWM,1,chemical
745,DA09,DA08,1,chemical
746,DA09,VA12,1,chemical
747,DA09,DB07,1,chemical
748,PHBL,AVAL,1,chemical
749,PHBL,PVCL,1,chemical
750,PHBL,AVAR,1,chemical
751,VD13,vBWM,1,chemical
752,PHBL,AVAL,1,chemical
753,PHBL,AVAR,1,chemical
754,PHBL,AS11,1,chemical
755,VA12,VD13,2,chemical
756,VA12,vBWM,2,chemical
757,AVAL,PVCL,1,chemical
758,AVAL,VA11,1,chemical
759,AVAL,AS11,1,chemical
760,VD13,vBWM,1,chemical
761,VD13,VA12,1,chemical
762,VD13,vBWM,1,chemical
763,VD13,VA12,1,chemical
764,VA12,PVCR,2,chemical
765,VA12,DB07,2,chemical
766,VA12,PVCL,2,chemical
767,PQR,AVJR,1,chemical
768,PQR,AVAL,1,chemical
769,PQR,PHBL,1,chemical
770,AVAL,LUAR,1,chemical
771,AVAL,PVCL,1,chemical
772,AVAL,AVAR,1,chemical
773,PQR,AVAL,1,chemical
774,PQR,PHBL,1,chemical
775,AVAL,LUAR,1,chemical
776,AVAL,PVCL,1,chemical
777,AVAL,AVAR,1,chemical
778,AVAL,AS11,1,chemical
779,VB11,VA12,1,chemical
780,VB11,vBWM,1,chemical
781,AVDL,AVAR,1,chemical
782,AVDL,AS11,1,chemical
783,AVDL,AVAR,1,chemical
784,AVDL,AS11,1,chemical
785,AVDL,AVAL,1,chemical
786,VD13,vBWM,1,chemical
787,VD13,VA12,1,chemical
788,AVAR,VA11,1,chemical
789,AVAR,AS11,1,chemical
790,PVWR,LUAR,1,chemical
791,PVWR,AVDR,1,chemical
792,VA12,VD13,1,chemical
793,VA12,vBWM,1,chemical
794,LUAR,AVAR,1,chemical
795,LUAR,AVDL,1,chemical
796,LUAR,AVAR,1,chemical
797,LUAR,AVAL,1,chemical
798,LUAR,AVDL,1,chemical
799,LUAR,AVAR,1,chemical
800,LUAR,AVAL,1,chemical
801,LUAR,AVDL,1,chemical
802,LUAR,AVAR,1,chemical
803,LUAR,AVAL,1,chemical
804,VD13,VA12,1,chemical
805,VD13,AVAR,1,chemical
806,VB11,VD13,3,chemical
807,VB11,vBWM,3,chemical
808,AVAR,PVCL,1,chemical
809,AVAR,DA08,1,chemical
810,AVAR,PVCL,1,chemical
811,AVAR,DA08,1,chemical
812,VB11,VD13,2,chemical
813,VB11,vBWM,2,chemical
814,PVNL,AVJL,1,chemical
815,PVNL,AVDL,1,chemical
816,VA12,VD13,1,chemical
817,VA12,vBWM,1,chemical
818,PVCR,AVAR,1,chemical
819,PVCR,AVAL,1,chemical
820,VC06,AVL,1,chemical
821,VC06,VD12,1,chemical
822,VD13,vBWM,1,chemical
823,VD13,VA12,1,chemical
824,VA12,VD13,1,chemical
825,VA12,vBWM,1,chemical
826,AVAR,DA08,2,chemical
827,AVAR,DA09,2,chemical
828,AVAR,VA11,2,chemical
829,VD13,vBWM,2,chemical
830,VD13,VA12,2,chemical
831,PQR,AVHL,1,chemical
832,PQR,AVG,1,chemical
833,PQR,PVPR,1,chemical
834,VD13,vBWM,1,chemical
835,VD13,VA12,1,chemical
836,VD13,vBWM,1,chemical
837,VD13,VA12,1,chemical
838,VB11,DD06,1,chemical
839,VB11,vBWM,1,chemical
840,VB11,VA12,1,chemical
841,VB11,DD06,1,chemical
842,VB11,vBWM,1,chemical
843,AVL,DD06,1,chemical
844,AVL,VD12,1,chemical
845,VB11,VD13,1,chemical
846,VB11,vBWM,1,chemical
847,AVAR,PVCR,1,chemical
848,AVAR,DA08,1,chemical
849,AVAR,AVDL,2,chemical
850,AVAR,PVCR,2,chemical
851,AVAR,DA08,2,chemical
852,VA12,VD13,2,chemical
853,VA12,vBWM,2,chemical
854,PVCL,DVA,1,chemical
855,PVCL,DB07,1,chemical
856,DVA,DB07,1,chemical
857,DVA,PVCL,1,chemical
858,VA12,VD13,2,chemical
859,VA12,vBWM,2,chemical
860,AVKR,hyp,1,chemical
861,AVAL,AVDR,1,chemical
862,AVAL,VA11,1,chemical
863,AVAL,AS11,1,chemical
864,VD13,vBWM,1,chemical
865,VD13,VA12,1,chemical
866,VD13,VA12,1,chemical
867,PVWL,PVCL,1,chemical
868,PVWL,PVCR,1,chemical
869,VB11,VA12,2,chemical
870,VB11,DD06,2,chemical
871,VB11,vBWM,2,chemical
872,VC06,AVL,1,chemical
873,VC06,VD12,1,chemical
874,AVDR,AVAR,1,chemical
875,AVDR,AS11,1,chemical
876,AVDR,AVAL,1,chemical
877,VB11,VD13,1,chemical
878,VB11,DD06,1,chemical
879,VB11,vBWM,1,chemical
880,VB11,VD13,1,chemical
881,PVR,DA09,2,chemical
882,PVR,DB07,2,chemical
883,PVNR,AVDL,1,chemical
884,PVNR,AVAL,1,chemical
885,PVNR,hyp,1,chemical
886,PVNR,AVAL,1,chemical
887,PVNR,hyp,1,chemical
888,AVL,VD12,1,chemical
889,AVL,VC06,1,chemical
890,VA12,VD13,1,chemical
891,VA12,vBWM,1,chemical
892,VD13,VD12,1,chemical
893,VD13,vBWM,1,chemical
894,VA12,VD13,1,chemical
895,VB11,VD13,1,chemical
896,VB11,vBWM,1,chemical
897,AVAL,AVAR,1,chemical
898,AVAL,VA11,1,chemical
899,AVAL,AS11,1,chemical
900,PQR,AVDR,3,chemical
901,PQR,AVAL,3,chemical
902,PQR,AVDL,3,chemical
903,AVHL,PVPL,1,chemical
904,DVB,PVQR,1,chemical
905,AVG,hyp,1,chemical
906,AVFL,AVHR,1,chemical
907,AVFL,AVG,1,chemical
908,AVHR,AVG,1,chemical
909,AVHR,AVFL,1,chemical
910,AVHR,AVFR,1,chemical
911,PVWR,PVT,1,chemical
912,DVB,DD06,1,chemical
913,DVB,AVL,1,chemical
914,PVNR,AVL,1,chemical
915,PVNL,AVL,1,chemical
916,PVNL,PVNR,1,chemical
917,PVNR,AVBR,1,chemical
918,PVNR,hyp,1,chemical
919,PVNR,AVBR,1,chemical
920,PVNR,hyp,1,chemical
921,PVNR,AVJR,1,chemical
922,PVNR,AVDL,1,chemical
923,PVNR,AVBR,1,chemical
924,PDER,DVA,1,chemical
925,PDER,DVA,1,chemical
926,PDER,bl11,1,chemical
927,bl11,PDEL,1,chemical
928,bl11,PDEL,1,chemical
929,VA12,PVCR,1,chemical
930,VA12,VD13,1,chemical
931,DA09,hyp,1,chemical
932,DA09,VA11,1,chemical
933,VD12,vBWM,1,chemical
934,VA12,VD12,1,chemical
935,VA12,vBWM,1,chemical
936,VD12,vBWM,3,chemical
937,VD12,VA12,3,chemical
938,VD12,vBWM,1,chemical
939,VD12,VA12,1,chemical
940,VC06,DD06,1,chemical
941,VC06,VD12,1,chemical
942,VA12,VD12,1,chemical
943,VA12,DD06,1,chemical
944,VA12,vBWM,1,chemical
945,VD12,vBWM,2,chemical
946,VD12,VA12,2,chemical
947,VD12,vBWM,1,chemical
948,VD12,VA12,1,chemical
949,VA12,VD12,1,chemical
950,VA12,vBWM,1,chemical
951,VD12,vBWM,2,chemical
952,VD12,VA12,2,chemical
953,VD12,vBWM,1,chemical
954,VD12,VA12,1,chemical
955,VD12,vBWM,1,chemical
956,VD12,VA12,1,chemical
957,VD12,vBWM,1,chemical
958,VD12,VA12,1,chemical
959,VA12,VD12,2,chemical
960,VA12,vBWM,2,chemical
961,VD12,DD06,2,chemical
962,VD12,vBWM,2,chemical
963,VA12,VD12,1,chemical
964,VA12,vBWM,1,chemical
965,VC06,vBWM,1,chemical
966,VC06,VD12,1,chemical
967,VD12,VC06,1,chemical
968,VD12,vBWM,1,chemical
969,VA11,VD12,1,chemical
970,VD12,vBWM,1,chemical
971,VD13,PVCR,1,chemical
972,VD13,PVWL,1,chemical
973,AVL,VD12,1,chemical
974,AVL,PVWL,1,chemical
975,PVWL,PVWR,1,chemical
976,PVWL,PVT,1,chemical
977,VB11,DD06,1,chemical
978,VB11,vBWM,1,chemical
979,VB11,DD06,2,chemical
980,VB11,vBWM,2,chemical
981,VB11,DD06,1,chemical
982,VB11,vBWM,1,chemical
983,VB10,VD12,1,chemical
984,VB10,vBWM,1,chemical
985,VB10,vBWM,2,chemical
986,VA11,DD06,1,chemical
987,VA11,vBWM,1,chemical
988,VA11,VB10,1,chemical
989,AVDL,AVDR,1,chemical
990,AVDL,AS11,1,chemical
991,AVDL,AVAL,1,chemical
992,AVDL,AVDR,1,chemical
993,AVDL,AS11,1,chemical
994,AVDL,AVAL,1,chemical
995,PQR,AVAL,3,chemical
996,PQR,AVDL,3,chemical
997,PQR,AVDR,3,chemical
998,PQR,AS11,2,chemical
999,PQR,AVDR,2,chemical
1000,PQR,AVAL,2,chemical
1001,PQR,AVDR,2,chemical
1002,PDEL,PVR,1,chemical
1003,PDEL,DVA,1,chemical
1004,PDEL,bl11,1,chemical
1005,AVAR,VA11,1,chemical
1006,AVAR,AS11,1,chemical
1007,AVAR,VA11,1,chemical
1008,AVAR,AS11,1,chemical
1009,AVDR,AVAR,1,chemical
1010,AVDR,DA09,1,chemical
1011,AVDR,AS11,1,chemical
1012,AVAL,AVAR,1,chemical
1013,AVAL,DA09,1,chemical
1014,AVAL,VA11,1,chemical
1015,AVAR,DA08,1,chemical
1016,AVAR,DA09,1,chemical
1017,AVAR,DA09,1,chemical
1018,AVDR,PVCR,1,chemical
1019,AVDR,AVAR,1,chemical
1020,AVDR,AS11,1,chemical
1021,PQR,AVAL,1,chemical
1022,PQR,AVDR,1,chemical
1023,PQR,AVAR,1,chemical
1024,PQR,AVDR,1,chemical
1025,PQR,AVAR,3,chemical
1026,PQR,AVAL,3,chemical
1027,PQR,AVDR,3,chemical
1028,PQR,AVAR,2,chemical
1029,PQR,AVAL,2,chemical
1030,PQR,PVCR,1,chemical
1031,PQR,AVAR,1,chemical
1032,PVNL,AVJR,1,chemical
1033,PVNL,PVPR,1,chemical
1034,PVCR,PVCL,1,chemical
1035,PVCR,DB07,1,chemical
1036,DVA,DB07,1,chemical
1037,DVA,PVCL,1,chemical
1038,AVAL,DA09,1,chemical
1039,AVAL,VA10,1,chemical
1040,AVAL,PVCR,2,chemical
1041,AVAL,DA08,2,chemical
1042,AVAL,DA09,2,chemical
1043,AVAL,VA10,2,chemical
1044,AVAR,DA08,1,chemical
1045,AVAR,VA10,1,chemical
1046,AVAL,AS11,3,chemical
1047,AVAL,VA10,3,chemical
1048,AVAL,VA11,3,chemical
1049,AVAR,VA10,1,chemical
1050,AVAR,AS11,1,chemical
1051,AVBL,hyp,1,chemical
1052,AVBL,VA11,1,chemical
1053,AVBL,AVJR,1,chemical
1054,AVFR,VD11,1,chemical
1055,AVL,DVB,1,chemical
1056,AVG,hyp,1,chemical
1057,VA10,hyp,1,chemical
1058,VA10,AS10,1,chemical
1059,VC06,DD06,1,chemical
1060,VC06,vBWM,1,chemical
1061,VD12,VC06,1,chemical
1062,PDEL,DVA,4,chemical
1063,PDEL,PDER,4,chemical
1064,PDER,DVA,1,chemical
1065,PDEL,DVA,1,chemical
1066,PVNL,vBWM,1,chemical
1067,PVNR,vBWM,1,chemical
1068,PVNR,VD12,1,chemical
1069,PVWL,PVT,1,chemical
1070,PVWL,AVJL,1,chemical
1071,PVNL,vBWM,1,chemical
1072,PVNL,VA12,1,chemical
1073,VD12,vBWM,1,chemical
1074,VD12,VA12,1,chemical
1075,DVA,PDEL,1,chemical
1076,DVA,VB11,1,chemical
1077,VB10,vBWM,1,chemical
1078,VB10,VD12,2,chemical
1079,VB10,vBWM,2,chemical
1080,VB10,VD12,2,chemical
1081,VB10,vBWM,2,chemical
1082,VB10,vBWM,1,chemical
1083,VA11,vBWM,1,chemical
1084,VA11,DD06,1,chemical
1085,VA11,VD12,1,chemical
1086,VA11,VB10,1,chemical
1087,VA11,VD12,1,chemical
1088,VA11,VB10,1,chemical
1089,VA11,PVNR,1,chemical
1090,VA11,VD12,1,chemical
1091,VD12,VB11,1,chemical
1092,VD12,VA12,1,chemical
1093,VD12,VA11,1,chemical
1094,VD12,VA12,1,chemical
1095,VD12,VA11,1,chemical
1096,VA11,vBWM,1,chemical
1097,PVWR,PVCR,1,chemical
1098,PVWR,AVDR,1,chemical
1099,AVAL,VA10,1,chemical
1100,AVAL,AS10,1,chemical
1101,AVAR,PVCL,2,chemical
1102,AVAR,DA08,2,chemical
1103,PQR,AVAR,2,chemical
1104,PQR,AVDL,2,chemical
1105,PQR,AVDR,2,chemical
1106,PQR,AVDR,1,chemical
1107,PQR,AVAR,1,chemical
1108,PQR,AVDL,1,chemical
1109,AVDL,AVAR,1,chemical
1110,AVDL,PVCL,1,chemical
1111,AVDL,AVAL,1,chemical
1112,AVBR,AVAR,1,chemical
1113,AVBR,AVAL,1,chemical
1114,VC06,VD11,1,chemical
1115,VC06,AVG,1,chemical
1116,AVJR,AVAR,1,chemical
1117,AVJR,AVDL,1,chemical
1118,AVBL,AS10,1,chemical
1119,AVBL,AVAR,2,chemical
1120,PVWR,PVT,1,chemical
1121,PVWR,AVL,1,chemical
1122,PHBL,PVCL,1,chemical
1123,PHBL,DA08,1,chemical
1124,PHCL,AVHR,1,chemical
1125,PHCL,DVA,1,chemical
1126,DVB,PDA,2,chemical
1127,DVB,PHCL,2,chemical
1128,PHCL,LUAL,1,chemical
1129,PHCL,PVCL,1,chemical
1130,DVB,hyp,1,chemical
1131,DVB,hyp,1,chemical
1132,DVB,hyp,1,chemical
1133,Phso2L,Phso1L,1,electrical
1134,PVR,ALNR,2,electrical
1135,hyp,PVR,1,electrical
1136,[AS11],PDB,1,electrical
1137,r28,hyp,1,electrical
1138,Phso2L,Phso1L,1,electrical
1139,Phso2R,Phso1R,2,electrical
1140,Phso1L,PhshL,3,electrical
1141,hyp,Phso2R,1,electrical
1142,PVR,ALNR,2,electrical
1143,Phso1L,PhshL,1,electrical
1144,hyp,Phso2L,5,electrical
1145,Phso1R,PhshR,2,electrical
1146,PLNR,PLMR,1,electrical
1147,hyp,PDB,1,electrical
1148,hyp,Phso2L,1,electrical
1149,hyp,Phso2L,1,electrical
1150,hyp,Phso1L,1,electrical
1151,hyp,PDB,1,electrical
1152,[AS11],PDB,1,electrical
1153,hyp,Phso2R,6,electrical
1154,hyp,Phso1L,2,electrical
1155,PLNL,PHCL,1,electrical
1156,Phso1R,PhshR,1,electrical
1157,Phso1L,PhshL,1,electrical
1158,r28,ALNL,1,electrical
1159,hyp,Phso2R,1,electrical
1160,hyp,PHCL,1,electrical
1161,Phso2L,PhshL,2,electrical
1162,hyp,PVR,1,electrical
1163,Phso2L,PhshL,3,electrical
1164,hyp,PhshL,1,electrical
1165,PVR,ALNR,1,electrical
1166,hyp,Phso2L,1,electrical
1167,hyp,PhshL,1,electrical
1168,PVR,ALNR,1,electrical
1169,r28,ALNL,2,electrical
1170,PVR,ALNR,1,electrical
1171,hyp,PVR,1,electrical
1172,hyp,Phso2L,2,electrical
1173,hyp,Phso1R,1,electrical
1174,r28,hyp,1,electrical
1175,hyp,Phso1R,1,electrical
1176,PHCL,PHAL,1,electrical
1177,hyp,PLML,1,electrical
1178,hyp,PLNR,1,electrical
1179,hyp,PhshR,1,electrical
1180,hyp,PDB,2,electrical
1181,hyp,PVR,1,electrical
1182,hyp,Phso1R,1,electrical
1183,hyp,PhshL,1,electrical
1184,r28,hyp,1,electrical
1185,PVR,ALNR,1,electrical
1186,hyp,Phso1R,2,electrical
1187,hyp,PQR,1,electrical
1188,r28,hyp,2,electrical
1189,hyp,PVR,1,electrical
1190,PVR,ALNR,1,electrical
1191,hyp,g0,1,electrical
1192,hyp,PhshL,1,electrical
1193,hyp,PHBL,1,electrical
1194,hyp,PLML,1,electrical
1195,hyp,g0,1,electrical
1196,hyp,PHBR,1,electrical
1197,hyp,Phso1R,2,electrical
1198,hyp,PhshR,1,electrical
1199,hyp,PVR,1,electrical
1200,hyp,PhshR,1,electrical
1201,r28,hyp,2,electrical
1202,hyp,ALNL,1,electrical
1203,PhshL,PLML,1,electrical
1204,b28,PHBL,1,electrical
1205,PhshR,PVNR,2,electrical
1206,Phso1L,PhshL,2,electrical
1207,hyp,PLML,1,electrical
1208,PHCR,PHBR,1,electrical
1209,r28,hyp,1,electrical
1210,hyp,PVR,1,electrical
1211,PhshR,PVNR,1,electrical
1212,PVWR,PVR,2,electrical
1213,PVR,ALNR,1,electrical
1214,PVR,ALNR,1,electrical
1215,PVR,ALNR,1,electrical
1216,PVNL,PQR,1,electrical
1217,hyp,PhshR,1,electrical
1218,PVR,ALNR,3,electrical
1219,hyp,PhshR,1,electrical
1220,hyp,PhshR,1,electrical
1221,PVNL,PQR,1,electrical
1222,PLNL,PHBL,1,electrical
1223,PLNL,PHAL,1,electrical
1224,PVR,ALNR,1,electrical
1225,hyp,PHAL,1,electrical
1226,PLNL,PHCL,1,electrical
1227,hyp,PHAR,1,electrical
1228,hyp,g0,1,electrical
1229,hyp,PVWR,1,electrical
1230,hyp,PVR,1,electrical
1231,hyp,gx,1,electrical
1232,PVR,PVCR,1,electrical
1233,hyp,PVWL,2,electrical
1234,PVR,PVNR,1,electrical
1235,hyp,DA09,1,electrical
1236,PVR,PVNR,4,electrical
1237,hyp,ALNL,2,electrical
1238,PVR,PVCR,1,electrical
1239,hyp,DVC,2,electrical
1240,r30,gx,1,electrical
1241,PLNR,PHAR,1,electrical
1242,hyp,PDA,1,electrical
1243,hyp,PDB,1,electrical
1244,hyp,PDB,1,electrical
1245,hyp,PDB,1,electrical
1246,RID,DA09,1,electrical
1247,RID,PDB,2,electrical
1248,DA09,DA08,6,electrical
1249,DA09,DA08,1,electrical
1250,DA09,DA08,3,electrical
1251,PDA,DA08,1,electrical
1252,PDA,DA09,1,electrical
1253,hyp,PDB,1,electrical
1254,[AS11],RID,1,electrical
1255,PDA,DD06,1,electrical
1256,[VD13],PDB,2,electrical
1257,hyp,RID,1,electrical
1258,hyp,RID,3,electrical
1259,PDA,AVL,2,electrical
1260,PHCR,AVG,1,electrical
1261,DVA,DA09,1,electrical
1262,DVC,DVB,1,electrical
1263,PVR,LUAR,2,electrical
1264,hyp,PVWL,1,electrical
1265,PDA,AVL,1,electrical
1266,PHCR,AVAL,1,electrical
1267,AVJR,AVAL,2,electrical
1268,PDA,DA09,1,electrical
1269,DVC,DVA,1,electrical
1270,PVR,LUAR,1,electrical
1271,PVR,DA09,2,electrical
1272,PHCR,AVAL,1,electrical
1273,PVNL,AVAL,1,electrical
1274,PVNR,AVJR,2,electrical
1275,AVJR,AVHL,1,electrical
1276,PVCR,PHCR,2,electrical
1277,PHCL,AVAL,1,electrical
1278,hyp,PVWL,1,electrical
1279,PVCR,DA09,1,electrical
1280,PVCR,DA09,1,electrical
1281,PDA,DA09,2,electrical
1282,PVR,DA09,3,electrical
1283,PVCL,AVFL,1,electrical
1284,DA09,AVL,2,electrical
1285,PHCR,AVAL,1,electrical
1286,PDB,PDA,1,electrical
1287,PHCR,DA09,2,electrical
1288,LUAR,AVJL,1,electrical
1289,PHBL,AVHR,1,electrical
1290,hyp,AVJL,1,electrical
1291,hyp,AVHR,6,electrical
1292,PHCR,DA09,4,electrical
1293,PHAR,AVG,1,electrical
1294,LUAL,AVHL,1,electrical
1295,hyp,PDB,1,electrical
1296,hyp,PVWL,1,electrical
1297,PDB,AVJL,1,electrical
1298,hyp,PDB,2,electrical
1299,PVNL,PVCL,1,electrical
1300,PHBL,AVHR,1,electrical
1301,PVR,DA09,3,electrical
1302,hyp,PVWL,1,electrical
1303,PDB,DB07,2,electrical
1304,DA09,AVL,2,electrical
1305,PDB,PDA,1,electrical
1306,PVWR,AVJL,1,electrical
1307,PHCR,AVJR,1,electrical
1308,PDA,DA09,2,electrical
1309,VD13,DA09,1,electrical
1310,VD13,AVL,3,electrical
1311,PVNL,AVHL,1,electrical
1312,PVCL,PHBL,1,electrical
1313,LUAR,AVJR,1,electrical
1314,DVA,DA09,1,electrical
1315,DVB,DA08,2,electrical
1316,VD13,DA09,1,electrical
1317,AVJR,AVAR,1,electrical
1318,PVR,PDB,1,electrical
1319,PHCR,AVAR,1,electrical
1320,hyp,AVHR,1,electrical
1321,PVR,LUAR,1,electrical
1322,DVA,DA09,1,electrical
1323,VA12,PHCL,1,electrical
1324,LUAR,AVAR,1,electrical
1325,PVPL,AVL,1,electrical
1326,VD13,PVPL,4,electrical
1327,hyp,AVKR,2,electrical
1328,AVAL,AS10,1,electrical
1329,PDER,DVA,1,electrical
1330,VD11,AVL,1,electrical
1331,hyp,AS10,3,electrical
1332,AVDL,AVAL,1,electrical
1333,AVDR,AVAR,1,electrical
1334,AVDL,AVAR,1,electrical
1335,AVJL,AVDR,1,electrical
1336,VD11,DVC,1,electrical
1337,PVNL,AVJL,1,electrical
1338,PVCL,DA08,1,electrical
1339,hyp,PVPL,1,electrical
1340,PVCR,PVCL,1,electrical
1341,PVPR,PQR,1,electrical
1342,PVPL,AVKR,1,electrical
1343,PVT,DD06,3,electrical
1344,PVCR,PVCL,1,electrical
1345,VA11,PVCR,1,electrical
1346,VA10,AVAL,1,electrical
1347,AVHL,AS10,1,electrical
1348,PQR,AVDR,1,electrical
1349,VA10,DB07,1,electrical
1350,AVDR,AVAR,1,electrical
1351,hyp,DA08,1,electrical
1352,hyp,AVKR,1,electrical
1353,VA11,PVCR,1,electrical
1354,PVPR,DVC,1,electrical
1355,DB07,AS10,1,electrical
1356,AVDR,AVAR,2,electrical
1357,hyp,bl15,1,electrical
1358,PVCL,DA08,1,electrical
1359,PVWR,PVWL,1,electrical
1360,PVWR,PVQR,1,electrical
1361,PVCL,DA08,1,electrical
1362,DB07,AVBR,2,electrical
1363,DB07,AVHL,1,electrical
1364,AVDR,AVAR,1,electrical
1365,PVPL,AVKR,2,electrical
1366,PVCR,PVCL,2,electrical
1367,VB11,PVCR,1,electrical
1368,VA12,AS10,3,electrical
1369,AVKL,AS10,1,electrical
1370,DB07,AVBL,2,electrical
1371,DVC,AVG,1,electrical
1372,AVAR,AS10,2,electrical
1373,DB07,AVHL,1,electrical
1374,PVCR,PVCL,1,electrical
1375,PVNL,AVBR,1,electrical
1376,DB07,AVBL,1,electrical
1377,DB07,AVBR,1,electrical
1378,PVR,DVA,1,electrical
1379,DB07,AVHL,1,electrical
1380,PVPR,DVC,1,electrical
1381,hyp,PVQL,1,electrical
1382,PVQL,PVPL,1,electrical
1383,bl15,VB11,1,electrical
1384,DB07,AVBL,1,electrical
1385,DD06,AVL,1,electrical
1386,PVPL,DVB,1,electrical
1387,VA10,DA08,1,electrical
1388,PVPR,DVC,1,electrical
1389,PVPL,AVKR,2,electrical
1390,DB07,AVBL,9,electrical
1391,DVA,DB07,1,electrical
1392,AVJR,AVG,1,electrical
1393,PVPL,AVKR,1,electrical
1394,PVT,PVNR,1,electrical
1395,bl15,VB11,1,electrical
1396,PVCL,AVAR,1,electrical
1397,PVR,PDB,2,electrical
1398,hyp,AVHL,2,electrical
1399,PVCL,AVAR,1,electrical
1400,PVCR,PDER,1,electrical
1401,PVCL,AVAR,1,electrical
1402,VD11,DD06,1,electrical
1403,AVFR,AVFL,1,electrical
1404,PVCR,PDER,1,electrical
1405,PVCR,DA07,1,electrical
1406,PVQR,PVQL,2,electrical
1407,VD13,PVPL,1,electrical
1408,VD13,PDB,2,electrical
1409,hyp,AVHL,1,electrical
1410,hyp,AVHL,2,electrical
1411,PVCL,AVAR,1,electrical
1412,PVR,PDEL,1,electrical
1413,VA12,PVCL,1,electrical
1414,VB11,AVAL,1,electrical
1415,PVT,PVQR,1,electrical
1416,hyp,VB11,1,electrical
1417,DVB,DA08,2,electrical
1418,VD13,PVPL,3,electrical
1419,hyp,AVHL,1,electrical
1420,PVPR,PVNR,1,electrical
1421,bl15,PVR,1,electrical
1422,VB11,AVBR,6,electrical
1423,AVDL,AVAL,1,electrical
1424,AVAR,AVAL,2,electrical
1425,PVR,PDEL,1,electrical
1426,VA12,PVCL,1,electrical
1427,VB11,AVBL,1,electrical
1428,PVNR,DVC,1,electrical
1429,VB11,AVAL,1,electrical
1430,AVDR,AVAR,1,electrical
1431,VA12,PVCL,2,electrical
1432,VD11,DD06,1,electrical
1433,VB11,AVBL,2,electrical
1434,VA12,PVCL,1,electrical
1435,PVT,AVAR,1,electrical
1436,PVPL,AVKR,1,electrical
1437,PVQL,PVPL,1,electrical
1438,hyp,AVKR,1,electrical
1439,VB11,AVBL,2,electrical
1440,VA11,AVAR,1,electrical
1441,PVQL,PVPL,1,electrical
1442,PVPL,AVKR,1,electrical
1443,PVNL,LUAL,1,electrical
1444,VD11,AVAR,1,electrical
1445,PVCL,DA07,1,electrical
1446,VA10,DA08,1,electrical
1447,PVWL,PVCL,1,electrical
1448,hyp,DVA,1,electrical
1449,hyp,PVQL,1,electrical
1450,AVHR,AVHL,2,electrical
1451,AVJR,AVHR,1,electrical
1452,AVHR,AVHL,2,electrical
1453,PVPR,DVC,1,electrical
1454,AVHR,AVHL,1,electrical
1455,VD11,PVT,1,electrical
1456,VB10,VA11,1,electrical
1457,AVHR,AVG,1,electrical
1458,AVHR,AVHL,1,electrical
1459,PVPR,PQR,1,electrical
1460,AVJR,AVHR,1,electrical
1461,hyp,AVHR,1,electrical
1462,AVDR,AVDL,1,electrical
1463,AVJL,AVDR,1,electrical
1464,PVCL,AVAR,1,electrical
1465,PVCR,PVCL,1,electrical
1466,PVQL,PVPL,1,electrical
1467,PVWL,AVJL,1,electrical
1468,hyp,AVFL,1,electrical
1469,vBWM,bl11,3,electrical
1470,PVCR,AVAR,1,electrical
1471,b18,DA08,1,electrical
1472,hyp,PVPL,1,electrical
1473,PVCR,DA07,1,electrical
1474,hyp,DVA,1,electrical
1475,hyp,AVG,1,electrical
1476,hyp,PVPL,1,electrical
1477,hyp,AVDL,1,electrical
1478,PVNR,AVBL,1,electrical
1479,VA12,PVCR,1,electrical
1480,PVCL,PDEL,1,electrical
1481,hyp,PVPL,2,electrical
1482,PVCR,PVCL,1,electrical
1483,VC06,DVC,1,electrical
1484,VD11,PVT,1,electrical
1485,VD11,PVT,1,electrical
1486,hyp,DVA,1,electrical
1487,VB10,AVKL,1,electrical
1488,VD11,DD06,1,electrical
1489,PVCR,AVAR,1,electrical
1490,AVDR,AVAL,3,electrical
1491,PVNR,PQR,1,electrical
1492,PVPR,DVB,1,electrical
1493,PVT,DVC,1,electrical
1494,AVDR,AVDL,1,electrical
1495,PVNR,PQR,1,electrical
1496,PDB,AVJL,1,electrical
1497,AVDR,AVAL,1,electrical
1498,DVC,AVL,1,electrical
1499,PVWR,AVAR,2,electrical
1500,AVDR,AVAR,1,electrical
1501,DA08,AVAL,1,electrical
1502,VA12,PVCR,1,electrical
1503,PVCR,PVCL,1,electrical
1504,hyp,DVA,1,electrical
1505,hyp,PVPL,1,electrical
1506,DA08,AVAL,4,electrical
1507,PVR,PDER,4,electrical
1508,PVCL,PDEL,1,electrical
1509,hyp,AVKR,1,electrical
1510,b18,DA08,1,electrical
1511,PVCR,PVCL,1,electrical
1512,VA10,AVDL,1,electrical
1513,AVDR,AVDL,2,electrical
1514,VA11,AVAR,5,electrical
1515,PVR,PDER,1,electrical
1516,AVG,AVFL,1,electrical
1517,b18,AVAL,1,electrical
1518,hyp,AVFL,1,electrical
1519,AVHL,AVFR,1,electrical
1520,VD11,VB10,1,electrical
1521,VB10,VA11,1,electrical
1522,VA11,AVAR,1,electrical
1523,AVAR,AVAL,1,electrical
1524,AVHL,AVFR,3,electrical
1525,LUAL,AVAL,1,electrical
1526,AVJL,AVDR,3,electrical
1527,AVDR,AVAL,1,electrical
1528,DVC,AVL,1,electrical
1529,b18,VA10,1,electrical
1530,VA10,AVAL,3,electrical
1531,VA12,PVCR,1,electrical
1532,PVCR,DA07,1,electrical
1533,DVB,AVL,1,electrical
1534,PVR,PDB,1,electrical
1535,PVPL,DVB,1,electrical
1536,PHBR,PHBL,1,electrical
1537,AVJR,AVAR,2,electrical
1538,DVB,AVL,1,electrical
1539,hyp,AVJL,2,electrical
1540,DVB,DA08,1,electrical
1541,DVB,DVB,2,electrical
1542,PVQR,PVQL,1,electrical
1543,DVB,AVL,1,electrical
1544,VA12,DA08,3,electrical
1545,DA08,AVHR,2,electrical
1546,PVPL,PDB,1,electrical
1547,DA08,AVHR,2,electrical
1548,VD13,PVPL,1,electrical
1549,PVPL,DVC,1,electrical
1550,bl11,PDB,2,electrical
1551,DA08,AVHR,1,electrical
1552,VA12,DD06,1,electrical
1553,VA12,DD06,1,electrical
1554,PVPL,PHAR,2,electrical
1555,PVPL,DVA,1,electrical
1556,VA12,PVPL,1,electrical
1557,PVPL,DVC,2,electrical
1558,PVQR,PVQL,1,electrical
1559,DVC,DVB,1,electrical
1560,PVPL,PHBR,1,electrical
1561,VA12,DD06,2,electrical
1562,PVPL,PHAR,3,electrical
1563,DVC,AVG,1,electrical
1564,DVC,DVB,2,electrical
1565,VD13,PVPL,2,electrical
1566,PVR,DB07,1,electrical
1567,hyp,bl11,1,electrical
1568,VA12,DD06,3,electrical
1569,PVPL,PHAR,3,electrical
1570,PVCR,DVA,1,electrical
1571,DD06,AVL,1,electrical
1572,PVWR,LUAR,1,electrical
1573,DD06,DA08,1,electrical
1574,PVWR,LUAR,2,electrical
1575,DD06,AVG,1,electrical
1576,hyp,PVNL,1,electrical
1577,PVT,PVPL,1,electrical
1578,PVNL,LUAL,1,electrical
1579,PVT,DVA,1,electrical
1580,hyp,PVNL,1,electrical
1581,PVT,PVCR,1,electrical
1582,hyp,PVCL,1,electrical
1583,PVT,PVPL,1,electrical
1584,VA12,DA08,1,electrical
1585,PVT,PHBR,1,electrical
1586,DD06,DA08,1,electrical
1587,PVNL,LUAL,1,electrical
1588,PVT,DVA,3,electrical
1589,PVPL,PHAR,2,electrical
1590,DD06,AVL,1,electrical
1591,DVB,AVL,5,electrical
1592,PVT,PVCR,1,electrical
1593,PVT,DVA,2,electrical
1594,DVB,AVL,1,electrical
1595,DVB,DD06,1,electrical
1596,PVPR,DD06,1,electrical
1597,PHAR,PHAL,2,electrical
1598,PVT,AVAR,1,electrical
1599,DD06,AVHR,1,electrical
1600,PHAR,PHAL,2,electrical
1601,PVWR,PVWL,1,electrical
1602,PVT,LUAR,2,electrical
1603,hyp,PVCL,1,electrical
1604,VD13,PVT,1,electrical
1605,AVKL,AS11,1,electrical
1606,hyp,PVT,1,electrical
1607,hyp,bl11,1,electrical
1608,PVR,DB07,1,electrical
1609,VD13,PVT,1,electrical
1610,PVT,PVCR,2,electrical
1611,PVT,DVA,2,electrical
1612,DD06,AVL,1,electrical
1613,PVPR,DD06,1,electrical
1614,PVT,PVPL,1,electrical
1615,DD06,AVL,1,electrical
1616,PVCR,DA09,1,electrical
1617,PVT,PVPL,3,electrical
1618,PHBR,PHBL,3,electrical
1619,hyp,bl11,1,electrical
1620,PVPR,DD06,2,electrical
1621,hyp,PVPR,1,electrical
1622,PVT,DVC,1,electrical
1623,PHBR,PHBL,1,electrical
1624,PVT,AVDL,1,electrical
1625,PVPR,DD06,1,electrical
1626,PVT,DVB,2,electrical
1627,hyp,PVCL,1,electrical
1628,PVPR,DD06,1,electrical
1629,PVQR,PVQL,1,electrical
1630,PVT,DVC,2,electrical
1631,hyp,bl11,3,electrical
1632,VD13,DVB,2,electrical
1633,PVT,PVPL,1,electrical
1634,PVT,DVC,1,electrical
1635,VD13,DVC,1,electrical
1636,VD13,DVB,1,electrical
1637,PVT,PVPL,4,electrical
1638,PVPR,AVHL,3,electrical
1639,hyp,AS11,2,electrical
1640,VD13,AVL,1,electrical
1641,PVQR,PVQL,4,electrical
1642,PVPL,PQR,7,electrical
1643,PVPR,AVHL,3,electrical
1644,bl11,AS11,1,electrical
1645,DD06,AVL,1,electrical
1646,PHAR,PHAL,1,electrical
1647,PVNR,PVNL,1,electrical
1648,PHAR,PHAL,2,electrical
1649,AVHR,AVFL,1,electrical
1650,hyp,AVHR,1,electrical
1651,PVPL,PHAR,1,electrical
1652,PVPL,PHAR,1,electrical
1653,PVCL,AVAL,1,electrical
1654,LUAL,AVAL,1,electrical
1655,hyp,PVPR,1,electrical
1656,PVPR,DD06,3,electrical
1657,PVPR,PHAL,1,electrical
1658,PVT,PVPL,1,electrical
1659,PVPR,PHAL,1,electrical
1660,PVPL,PHAR,3,electrical
1661,hyp,bl11,1,electrical
1662,PVPR,PHAL,1,electrical
1663,VD13,AVL,1,electrical
1664,PHBR,PHBL,6,electrical
1665,PHBR,AVHR,1,electrical
1666,PVWR,PVT,1,electrical
1667,hyp,AVHL,1,electrical
1668,PVWR,PVCR,1,electrical
1669,PVT,PVNL,2,electrical
1670,PVPR,PHAL,4,electrical
1671,AVHR,AVFL,1,electrical
1672,PVWL,LUAR,1,electrical
1673,VA12,DA08,1,electrical
1674,PVWR,PVCR,3,electrical
1675,hyp,DB07,1,electrical
1676,DVA,AS11,1,electrical
1677,PHAL,AVHL,1,electrical
1678,hyp,AVKR,1,electrical
1679,PVR,LUAR,5,electrical
1680,PVNL,AVDR,1,electrical
1681,PVWR,PVCR,2,electrical
1682,PVCL,DA08,1,electrical
1683,PHAR,AVHR,1,electrical
1684,AVJR,AVJL,2,electrical
1685,PHBR,AVHR,1,electrical
1686,DVC,AVG,2,electrical
1687,DVC,AVG,2,electrical
1688,VD13,PVT,2,electrical
1689,PQR,AVJL,3,electrical
1690,VD13,DVB,1,electrical
1691,AVJL,AVAL,2,electrical
1692,PQR,AVJL,1,electrical
1693,hyp,AS11,2,electrical
1694,PVR,PVCR,1,electrical
1695,VD13,PVT,1,electrical
1696,PVR,PVCR,1,electrical
1697,hyp,AS11,1,electrical
1698,PHAL,AVG,2,electrical
1699,PVWR,PVCR,4,electrical
1700,VD12,PVPR,2,electrical
1701,PHBR,PHBL,6,electrical
1702,PVR,LUAL,6,electrical
1703,hyp,AS11,2,electrical
1704,hyp,AS11,1,electrical
1705,PVQL,PVPL,1,electrical
1706,PVPL,AVKR,1,electrical
1707,PVPR,PQR,2,electrical
1708,DA07,AVAL,6,electrical
1709,PVCR,PVCL,3,electrical
1710,hyp,AS10,2,electrical
1711,PVCL,PHBL,1,electrical
1712,PVCL,LUAL,1,electrical
1713,PVNL,LUAL,1,electrical
1714,hyp,PDA,1,electrical
1715,PDA,DVA,1,electrical
1716,PVR,PHAR,1,electrical
1717,PHAR,PDA,1,electrical
1718,PVQR,PDA,1,electrical
1719,hyp,PVWL,1,electrical
1720,PVNL,AVJR,1,electrical
1721,PVR,PDB,1,electrical
1722,PVR,PVCR,1,electrical
1723,PVWR,PVNR,1,electrical
1724,PVNR,LUAR,1,electrical
1725,PVWR,PVCR,1,electrical
1726,hyp,PVCR,1,electrical
1727,PVCR,DA09,1,electrical
1728,PVR,PVCR,1,electrical
1729,PVR,PVCR,2,electrical
1730,PVWR,PVR,1,electrical
1731,PVR,DA09,1,electrical
1732,PVR,PDB,1,electrical
1733,PVR,DA09,1,electrical
1734,PVR,PDB,1,electrical
1735,PVR,PDB,1,electrical
1736,PVR,DA09,1,electrical
1737,PVR,PDB,1,electrical
1738,PVR,PDB,1,electrical
1739,obj,obj,1,electrical
1740,PDB,PDA,1,electrical
1741,PDA,AVL,1,electrical
1742,PDA,AVL,1,electrical
1743,PDB,PDA,1,electrical
1744,LUAL,AVJL,4,electrical
1745,VD13,PVT,2,electrical
1746,VB11,AS11,1,electrical
1747,PVR,PVCR,2,electrical
1748,PVT,LUAR,2,electrical
1749,PHAR,AVHR,1,electrical
1750,DVC,AVL,1,electrical
1751,LUAL,AVJL,1,electrical
1752,VB11,VA12,1,electrical
1753,PVR,PVCR,2,electrical
1754,VD12,PVPR,4,electrical
1755,VB11,DA09,1,electrical
1756,PVR,PVCR,2,electrical
1757,PHBR,AVHL,10,electrical
1758,PVPL,AVG,2,electrical
1759,VD12,PVPR,1,electrical
1760,PVR,PVCR,1,electrical
1761,PVR,DA09,1,electrical
1762,VD12,PVPR,1,electrical
1763,DVC,AVL,1,electrical
1764,VD13,PVT,1,electrical
1765,PVPL,DVC,1,electrical
1766,PHAR,AVG,1,electrical
1767,DVC,AVL,3,electrical
1768,VD12,PVPR,2,electrical
1769,PVPL,AVG,1,electrical
1770,AVJR,AVJL,2,electrical
1771,PVR,PVCR,3,electrical
1772,hyp,AVKR,1,electrical
1773,VD13,PVT,2,electrical
1774,PVPL,DVC,1,electrical
1775,VD13,PVT,2,electrical
1776,PVPL,PVNL,2,electrical
1777,VD12,AVHR,2,electrical
1778,PVCL,PQR,1,electrical
1779,hyp,AVHL,1,electrical
1780,VD12,PVPR,1,electrical
1781,PVR,PVCR,2,electrical
1782,hyp,AVHL,2,electrical
1783,VA12,DA08,1,electrical
1784,VA12,DA09,1,electrical
1785,DVC,AVL,1,electrical
1786,VD12,AVHL,2,electrical
1787,VD12,AVHR,4,electrical
1788,hyp,VD12,1,electrical
1789,PVT,PVPL,1,electrical
1790,VD12,PVPR,2,electrical
1791,bl11,DVA,2,electrical
1792,VD13,PVT,1,electrical
1793,hyp,AVAR,1,electrical
1794,VD12,AVHL,3,electrical
1795,hyp,AVHL,3,electrical
1796,VD12,PVPR,3,electrical
1797,hyp,VD12,1,electrical
1798,VB11,PVCR,1,electrical
1799,hyp,VD12,1,electrical
1800,PVWL,LUAR,2,electrical
1801,hyp,AVKR,2,electrical
1802,VD12,AVHL,2,electrical
1803,VD12,PVPR,4,electrical
1804,VD13,PVT,1,electrical
1805,hyp,VD12,1,electrical
1806,VD12,AVHL,1,electrical
1807,PHBL,AVAR,1,electrical
1808,DVC,AVL,5,electrical
1809,PVPL,DVC,1,electrical
1810,PVT,PVPL,1,electrical
1811,VD13,PVT,1,electrical
1812,VD13,PVNR,1,electrical
1813,VD12,PVPR,4,electrical
1814,VD12,AVFL,3,electrical
1815,VD12,AVHR,1,electrical
1816,VD12,PVPR,1,electrical
1817,VD12,AVHR,5,electrical
1818,hyp,AS11,4,electrical
1819,VD12,PVPR,1,electrical
1820,VD13,PVWR,1,electrical
1821,PVPL,DVC,3,electrical
1822,VD12,PVPR,2,electrical
1823,PHBL,AVHL,1,electrical
1824,PVCR,DB07,1,electrical
1825,PVR,DB07,2,electrical
1826,DVC,AVL,1,electrical
1827,VA12,PVCL,1,electrical
1828,hyp,AS11,1,electrical
1829,DA08,AVAL,2,electrical
1830,VD12,PVPR,1,electrical
1831,hyp,AS11,2,electrical
1832,PVR,DVA,1,electrical
1833,DA08,AS11,1,electrical
1834,VB11,VA12,1,electrical
1835,VD12,PVPR,1,electrical
1836,PVPL,DVC,1,electrical
1837,hyp,bl11,1,electrical
1838,PVQR,PVQL,5,electrical
1839,hyp,bl11,2,electrical
1840,PVPL,PQR,2,electrical
1841,VD12,PVPR,1,electrical
1842,PVPL,DVC,1,electrical
1843,hyp,AVHL,3,electrical
1844,VD13,DD06,1,electrical
1845,VD13,PVT,2,electrical
1846,VA12,PVCL,1,electrical
1847,PVCL,AVAR,2,electrical
1848,PVR,DVA,1,electrical
1849,hyp,PHBL,1,electrical
1850,PVPL,DVC,2,electrical
1851,PVPL,PQR,5,electrical
1852,DD06,AVL,2,electrical
1853,PVCL,AVAR,2,electrical
1854,PQR,AVJR,2,electrical
1855,PVQR,PVQL,9,electrical
1856,hyp,AS11,1,electrical
1857,hyp,AVHL,1,electrical
1858,hyp,bl11,2,electrical
1859,hyp,hyp,1,electrical
1860,hyp,AVAR,2,electrical
1861,VA12,PVCL,5,electrical
1862,VB10,PVCR,1,electrical
1863,hyp,PVPR,1,electrical
1864,hyp,AVHR,1,electrical
1865,PVPL,PQR,1,electrical
1866,AVJR,AVJL,1,electrical
1867,PVR,DVA,3,electrical
1868,PVPL,DVC,1,electrical
1869,DVC,DD06,1,electrical
1870,DD06,AVL,1,electrical
1871,hyp,VD12,1,electrical
1872,hyp,AVFL,1,electrical
1873,hyp,AVHL,1,electrical
1874,PVPL,DVC,1,electrical
1875,DA08,AVAR,4,electrical
1876,PVPL,DVC,2,electrical
1877,DD06,AVL,1,electrical
1878,PVPR,DVB,1,electrical
1879,DVC,AVL,2,electrical
1880,VA12,PVCL,1,electrical
1881,hyp,AVHR,1,electrical
1882,VD13,VA12,1,electrical
1883,PVPL,DVC,1,electrical
1884,PVQR,PVQL,1,electrical
1885,LUAR,AVAL,1,electrical
1886,PVPR,DVB,1,electrical
1887,DVC,AVG,1,electrical
1888,VD13,DVB,1,electrical
1889,PVPR,DVB,1,electrical
1890,PVR,DVA,1,electrical
1891,PVPL,PQR,1,electrical
1892,VD13,VA12,1,electrical
1893,PVQR,PVQL,1,electrical
1894,PVQR,PVQL,1,electrical
1895,VB11,VA12,1,electrical
1896,VD12,AVHR,1,electrical
1897,hyp,AVAL,1,electrical
1898,PVNL,AVJL,2,electrical
1899,hyp,AS11,1,electrical
1900,PVQR,PVQL,2,electrical
1901,DVC,AVG,1,electrical
1902,hyp,AS11,1,electrical
1903,VD13,PVWR,1,electrical
1904,PVCR,PVCL,1,electrical
1905,AVHR,AS11,2,electrical
1906,PVPR,PVPL,2,electrical
1907,DVB,AS11,4,electrical
1908,hyp,AS11,1,electrical
1909,hyp,AS11,1,electrical
1910,LUAR,AVAR,1,electrical
1911,VD13,VA12,1,electrical
1912,PVPL,DD06,2,electrical
1913,AVG,AS11,1,electrical
1914,PVWL,PVCR,1,electrical
1915,AVHR,AS11,1,electrical
1916,AVHL,AS11,1,electrical
1917,PVWL,PVCR,2,electrical
1918,VA12,AVAR,2,electrical
1919,PVPR,AVL,1,electrical
1920,AVHR,AS11,3,electrical
1921,PVCR,PVCL,1,electrical
1922,PVPL,DVB,2,electrical
1923,LUAR,AVAL,1,electrical
1924,PHBL,AVJR,1,electrical
1925,AVFL,AS11,1,electrical
1926,VA11,AVAR,2,electrical
1927,LUAR,AVAR,2,electrical
1928,DVC,AVG,1,electrical
1929,AVHL,AS11,2,electrical
1930,AVHR,AS11,1,electrical
1931,VD12,PVPR,2,electrical
1932,PVQR,PVQL,5,electrical
1933,VD12,PVT,2,electrical
1934,PVPL,AS11,3,electrical
1935,AVJR,AVHL,1,electrical
1936,PVT,AVL,1,electrical
1937,hyp,AS11,1,electrical
1938,VD12,DD06,1,electrical
1939,PVQR,AVHR,1,electrical
1940,hyp,AS11,1,electrical
1941,AVJR,AVHL,3,electrical
1942,PVR,DVA,1,electrical
1943,VD12,PVT,1,electrical
1944,PVT,AVL,2,electrical
1945,VD12,AVL,1,electrical
1946,PVPR,PQR,1,electrical
1947,hyp,AS11,1,electrical
1948,AVHR,AS11,5,electrical
1949,PVQR,AVHR,1,electrical
1950,PVWL,PVCR,1,electrical
1951,hyp,AVKR,1,electrical
1952,hyp,AS11,1,electrical
1953,PVR,DVA,3,electrical
1954,PVCL,DB07,2,electrical
1955,PVPL,AS11,1,electrical
1956,AVFL,AS11,1,electrical
1957,VD12,PVPR,2,electrical
1958,hyp,AVKR,1,electrical
1959,AVHR,AS11,3,electrical
1960,AVJR,AVHL,1,electrical
1961,PVPL,AS11,2,electrical
1962,vBWM,AS11,1,electrical
1963,AVJL,AVAL,2,electrical
1964,PVPR,DVC,1,electrical
1965,VA12,PVCL,2,electrical
1966,vBWM,AS11,1,electrical
1967,PVQR,AVFL,1,electrical
1968,PVWR,PVT,1,electrical
1969,DVA,AVKL,1,electrical
1970,PVCR,AVAR,1,electrical
1971,AVHR,AVFL,1,electrical
1972,vBWM,PVPL,1,electrical
1973,VA11,AVAR,1,electrical
1974,AVHR,AS11,1,electrical
1975,VA12,PVCL,1,electrical
1976,PVPL,AVHR,4,electrical
1977,PVNR,AVDR,1,electrical
1978,PVQL,AVHR,1,electrical
1979,PVPR,PQR,1,electrical
1980,VD12,AVL,1,electrical
1981,PVPR,DVC,1,electrical
1982,AVHR,AS11,1,electrical
1983,PVWL,PVCR,2,electrical
1984,vBWM,PVPL,1,electrical
1985,VA11,AVAR,1,electrical
1986,hyp,VA11,1,electrical
1987,VC06,PVT,1,electrical
1988,VB11,VA12,1,electrical
1989,VA12,AVAR,1,electrical
1990,PVCR,AVDR,2,electrical
1991,PVR,DA09,1,electrical
1992,VA11,AVAR,1,electrical
1993,PVCR,AVAR,1,electrical
1994,hyp,AVKR,1,electrical
1995,VA12,PVCL,1,electrical
1996,VD13,VA12,1,electrical
1997,bl11,DVA,1,electrical
1998,PVPR,AVL,1,electrical
1999,PVPL,AVFL,1,electrical
2000,PVCL,DA08,1,electrical
2001,PVCR,AVAL,2,electrical
2002,PVWL,PVCR,2,electrical
2003,DVC,AVHR,2,electrical
2004,VB11,VA12,1,electrical
2005,PVCL,DA08,1,electrical
2006,PVCL,DB07,1,electrical
2007,hyp,AVFL,1,electrical
2008,PVT,PVNR,1,electrical
2009,PVCL,DA08,1,electrical
2010,hyp,PVPL,1,electrical
2011,hyp,PVPL,4,electrical
2012,VD13,DD06,1,electrical
2013,AVJL,AVAL,3,electrical
2014,PVQR,PVQL,1,electrical
2015,PVQL,PVPL,1,electrical
2016,hyp,PVR,1,electrical
2017,hyp,PVPL,1,electrical
2018,PVR,PDER,1,electrical
2019,DA08,AVAR,1,electrical
2020,hyp,AVKR,1,electrical
2021,hyp,AVHL,2,electrical
2022,PVPR,PQR,1,electrical
2023,PDEL,DVA,2,electrical
2024,VD12,DD06,1,electrical
2025,DVB,DD06,1,electrical
2026,PVR,DA09,1,electrical
2027,hyp,AVJR,1,electrical
2028,DA09,AVAR,3,electrical
2029,VA11,AVAR,1,electrical
2030,VA11,AVAR,1,electrical
2031,PVR,DA09,2,electrical
2032,VD13,PVCL,1,electrical
2033,PVCR,AVAR,4,electrical
2034,PVCR,PVCL,1,electrical
2035,AVDR,AVAR,2,electrical
2036,AVDR,AVAL,1,electrical
2037,DVB,AVL,1,electrical
2038,PVCR,PVCL,1,electrical
2039,hyp,AVHL,2,electrical
2040,VD13,PVR,1,electrical
2041,PVCR,PVCL,1,electrical
2042,DVB,AVL,1,electrical
2043,PVPR,DVC,2,electrical
2044,VD13,PVWL,1,electrical
2045,PVQR,PVQL,1,electrical
2046,PVNR,AVDL,1,electrical
2047,hyp,PVPL,1,electrical
2048,PVPR,AVL,4,electrical
2049,hyp,PVPL,2,electrical
2050,VD12,DD06,1,electrical
2051,PVQR,DVC,2,electrical
2052,AVHR,AVHL,1,electrical
2053,DVC,AVHR,1,electrical
2054,PVPR,AVL,1,electrical
2055,PVQL,AVHR,1,electrical
2056,hyp,AS11,2,electrical
2057,PVQR,PVQL,1,electrical
2058,VB11,PVCL,1,electrical
2059,PVWR,AVJL,2,electrical
2060,AVHR,AVHL,2,electrical
2061,PVCR,AVAR,2,electrical
2062,VD12,DD06,2,electrical
2063,PVPR,DVC,1,electrical
2064,hyp,AVJR,1,electrical
2065,PVNL,AVBR,2,electrical
2066,PVT,PVPR,4,electrical
2067,PVPR,DVC,1,electrical
2068,VD13,VA12,2,electrical
2069,hyp,AVKR,1,electrical
2070,DA09,DA08,1,electrical
2071,hyp,AS11,1,electrical
2072,PVNR,AVBR,1,electrical
2073,PVPR,DVC,1,electrical
2074,PVPR,DVC,1,electrical
2075,PVNL,AVBR,2,electrical
2076,PVNR,AVBR,1,electrical
2077,DA09,DA08,1,electrical
2078,PVPR,DVC,1,electrical
2079,DVC,DVB,1,electrical
2080,PVCL,DB07,1,electrical
2081,PVCR,AVAL,1,electrical
2082,VA11,DA09,2,electrical
2083,hyp,AVHL,1,electrical
2084,VA12,PVCR,3,electrical
2085,hyp,AVBR,2,electrical
2086,hyp,AS11,1,electrical
2087,DD06,AVL,2,electrical
2088,hyp,AVG,1,electrical
2089,PVPR,AVHR,1,electrical
2090,VD13,VD12,1,electrical
2091,hyp,PVPL,2,electrical
2092,PVQR,PVQL,1,electrical
2093,hyp,AVFR,1,electrical
2094,DVC,DVB,1,electrical
2095,PVT,PVPR,1,electrical
2096,PVT,PVPR,1,electrical
2097,PVT,PVNR,1,electrical
2098,hyp,AVJR,1,electrical
2099,DD06,AVL,1,electrical
2100,DD06,AVL,2,electrical
2101,DD06,AVL,1,electrical
2102,DD06,AVL,1,electrical
2103,VA11,AVAL,1,electrical
2104,VA11,AVAL,1,electrical
2105,PDER,DVA,1,electrical
2106,VA12,PVCR,1,electrical
2107,VD12,VA12,1,electrical
2108,VD12,VA12,1,electrical
2109,VD12,VA12,1,electrical
2110,PVWR,AVL,1,electrical
2111,PVWL,PVCR,1,electrical
2112,DVA,AVKL,1,electrical
2113,DD06,AVL,1,electrical
2114,PVWR,AVDR,1,electrical
2115,AVDR,AVAL,1,electrical
2116,VA12,PVCL,1,electrical
2117,PVCR,PVCL,1,electrical
2118,VB10,PVCL,1,electrical
2119,PVCR,PVCL,1,electrical
2120,PVCL,DA08,1,electrical
2121,PVCL,DA08,1,electrical
2122,DA09,DA08,1,electrical
2123,PVR,PDEL,1,electrical
2124,PVCR,AVAR,1,electrical
2125,PVCR,PVCL,1,electrical
2126,PVCR,AVAR,1,electrical
2127,VA11,AVAR,1,electrical
2128,PVCL,DB07,1,electrical
2129,PVCL,DB07,1,electrical
2130,bl17,DVA,1,electrical
2131,PVR,DVA,1,electrical
2132,bl15,PDEL,1,electrical
2133,PVT,DVC,1,electrical
2134,DVC,AVL,1,electrical
2135,VC06,PVT,1,electrical
2136,bl15,PVR,3,electrical
2137,bl15,PVR,1,electrical
2138,bl11,DVA,1,electrical
2139,PVT,PVNL,1,electrical
2140,AVHL,AVFL,1,electrical
2141,PVPR,PVNR,2,electrical
2142,PVNR,PVNL,1,electrical
2143,PVNR,PVNL,1,electrical
2144,PVWL,PVPR,1,electrical
2145,PVWL,AVJL,1,electrical
2146,PVT,AVJL,1,electrical
2147,PVPR,AVJL,1,electrical
2148,PVCL,DD06,1,electrical
2149,VB11,AVKL,1,electrical
2150,bl17,VB11,1,electrical
2151,VB11,PVCR,1,electrical
2152,VD12,VB10,1,electrical
2153,VD12,VB10,1,electrical
2154,VB10,VA11,1,electrical
2155,PVPR,PQR,1,electrical
2156,PVPR,PQR,1,electrical
2157,bl15,DB07,1,electrical
2158,bl15,DB07,1,electrical
2159,PVCR,AVJL,1,electrical
2160,PVWR,PVCR,1,electrical
2161,VA11,PVCR,1,electrical
2162,PVCL,DA08,1,electrical
2163,PVCL,DA08,2,electrical
2164,PVCL,AVAL,2,electrical
2165,PVCR,AVAR,1,electrical
2166,PVCR,AVAR,1,electrical
2167,AVBR,AVBL,1,electrical
2168,DA07,AVAL,1,electrical
2169,VD12,VB11,1,electrical
2170,PVQL,PHBL,1,electrical
2171,PVQL,PHBL,1,electrical
2172,PVQL,DA08,1,electrical
2173,DVC,AVG,1,electrical
2174,DVC,AVG,1,electrical
2175,PHCR,PHCL,2,electrical
2176,PVCL,PLML,3,electrical
2177,PVCL,PLML,1,electrical
2178,PLML,LUAL,3,electrical
2179,PLML,LUAL,3,electrical
2180,PVR,PLMR,3,electrical
2181,PHCR,PHAR,1,electrical
2182,PVCR,PLMR,2,electrical
2183,PVCR,PLMR,4,electrical
2184,PLMR,LUAR,9,electrical
2185,PVR,DA09,1,electrical
2186,PVCR,PHCR,2,electrical
2187,PVR,PDB,1,electrical
2188,DVC,DVB,2,electrical
2189,DVC,DVB,2,electrical
2190,AVHR,AVHL,1,electrical
