name,SomaPosition,SomaRegion,AYGanglionDesignation,AYNbr,x,y,group,type,link
ADAL,0.21,H,E,141,0.011068000000000001,0.0059028,ADA,interneuron,http://www.wormatlas.org/neurons/Individual%20Neurons/ADAframeset.html
ADAR,0.21,H,E,142,0.014206,0.0022044,ADA,interneuron,http://www.wormatlas.org/neurons/Individual%20Neurons/ADAframeset.html
ADEL,0.21,H,E,143,0.016233,0.005656899999999999,ADE,sensory neuron,http://www.wormatlas.org/neurons/Individual%20Neurons/ADEframeset.html
ADER,0.21,H,E,144,0.014941,0.009307700000000002,ADE,sensory neuron,http://www.wormatlas.org/neurons/Individual%20Neurons/ADEframeset.html
ADFL,0.13,H,C,45,0.082393,-0.0009838,ADF,sensory neuron,http://www.wormatlas.org/neurons/Individual%20Neurons/ADFframeset.html
ADFR,0.14,H,C,46,0.08327899999999999,-0.0031842,ADF,sensory neuron,http://www.wormatlas.org/neurons/Individual%20Neurons/ADFframeset.html
ADLL,0.13,H,C,47,0.082639,-0.013035,ADL,sensory neuron,http://www.wormatlas.org/neurons/Individual%20Neurons/ADLframeset.html
ADLR,0.14,H,C,48,0.08327899999999999,-0.011512,ADL,sensory neuron,http://www.wormatlas.org/neurons/Individual%20Neurons/ADLframeset.html
AFDL,0.13,H,C,49,0.086329,-0.0027055,AFD,sensory neuron,http://www.wormatlas.org/neurons/Individual%20Neurons/AFDframeset.html
AFDR,0.14,H,C,50,0.086463,-0.00097975,AFD,sensory neuron,http://www.wormatlas.org/neurons/Individual%20Neurons/AFDframeset.html
AIAL,0.15,H,D,109,0.065177,0.0093461,AIA,interneuron,http://www.wormatlas.org/neurons/Individual%20Neurons/AIAframeset.html
AIAR,0.16,H,D,110,0.05902999999999999,0.011512,AIA,interneuron,http://www.wormatlas.org/neurons/Individual%20Neurons/AIAframeset.html
AIBL,0.14,H,C,51,0.075441,0.0061235,AIB,interneuron,http://www.wormatlas.org/neurons/Individual%20Neurons/AIBframeset.html
AIBR,0.15,H,C,52,0.075441,0.0061235,AIB,interneuron,http://www.wormatlas.org/neurons/Individual%20Neurons/AIBframeset.html
AIML,0.19,H,D,111,0.033202999999999996,0.017953999999999998,AIM,interneuron,http://www.wormatlas.org/neurons/Individual%20Neurons/AIMframeset.html
AIMR,0.19,H,D,112,0.037476,0.015186000000000002,AIM,interneuron,http://www.wormatlas.org/neurons/Individual%20Neurons/AIMframeset.html
AINL,0.16,H,C,53,0.06197999999999999,-0.0061488,AIN,interneuron,http://www.wormatlas.org/neurons/Individual%20Neurons/AINframeset.html
AINR,0.16,H,C,54,0.061969,-0.0034290999999999996,AIN,interneuron,http://www.wormatlas.org/neurons/Individual%20Neurons/AINframeset.html
AIYL,0.19,H,D,113,0.039435000000000005,0.015186000000000002,AIY,interneuron,http://www.wormatlas.org/neurons/Individual%20Neurons/AIYframeset.html
AIYR,0.18,H,D,114,0.039435000000000005,0.015186000000000002,AIY,interneuron,http://www.wormatlas.org/neurons/Individual%20Neurons/AIYframeset.html
AIZL,0.17,H,C,55,0.048698000000000005,0.0027055,AIZ,interneuron,http://www.wormatlas.org/neurons/Individual%20Neurons/AIZframeset.html
AIZR,0.17,H,C,56,0.05756,0.0031842,AIZ,interneuron,http://www.wormatlas.org/neurons/Individual%20Neurons/AIZframeset.html
ALA,0.12,H,B,39,0.094056,-0.013227000000000001,ALA,interneuron,http://www.wormatlas.org/neurons/Individual%20Neurons/ALAframeset.html
ALML,0.46,M,F,170,-0.37849,-0.016788,ALM,sensory neuron,http://www.wormatlas.org/neurons/Individual%20Neurons/ALMframeset.html
ALMR,0.46,M,F,171,-0.38154,-0.006104600000000001,ALM,sensory neuron,http://www.wormatlas.org/neurons/Individual%20Neurons/ALMframeset.html
ALNL,0.82,T,K,199,-0.98005,-0.049441000000000006,ALN,sensory neuron,http://www.wormatlas.org/neurons/Individual%20Neurons/ALNframeset.html
ALNR,0.82,T,K,200,-0.98625,-0.049441000000000006,ALN,sensory neuron,http://www.wormatlas.org/neurons/Individual%20Neurons/ALNframeset.html
AQR,0.21,H,E,145,0.019594999999999998,0.004164,AQR,sensory neuron,http://www.wormatlas.org/neurons/Individual%20Neurons/AQRframeset.html
AS01,0.25,M,E,146,-0.016411000000000002,0.024738999999999997,AS,motor neuron,http://www.wormatlas.org/neurons/Individual%20Neurons/ASframeset.html
AS02,0.29,M,G,224,-0.10987999999999999,0.03968,AS,motor neuron,http://www.wormatlas.org/neurons/Individual%20Neurons/ASframeset.html
AS03,0.35,M,G,225,-0.1984,0.03968,AS,motor neuron,http://www.wormatlas.org/neurons/Individual%20Neurons/ASframeset.html
AS04,0.4,M,G,226,-0.28386,0.03968,AS,motor neuron,http://www.wormatlas.org/neurons/Individual%20Neurons/ASframeset.html
AS05,0.47,M,G,227,-0.40138,0.042732,AS,motor neuron,http://www.wormatlas.org/neurons/Individual%20Neurons/ASframeset.html
AS06,0.51,M,G,228,-0.47616,0.042732,AS,motor neuron,http://www.wormatlas.org/neurons/Individual%20Neurons/ASframeset.html
AS07,0.57,M,G,229,-0.57536,0.042732,AS,motor neuron,http://www.wormatlas.org/neurons/Individual%20Neurons/ASframeset.html
AS08,0.62,M,G,230,-0.6654,0.03968,AS,motor neuron,http://www.wormatlas.org/neurons/Individual%20Neurons/ASframeset.html
AS09,0.68,M,G,231,-0.7585,0.035102,AS,motor neuron,http://www.wormatlas.org/neurons/Individual%20Neurons/ASframeset.html
AS10,0.73,M,G,223,-0.83481,0.033575,AS,motor neuron,http://www.wormatlas.org/neurons/Individual%20Neurons/ASframeset.html
AS11,0.79,M,H,184,-0.84406,0.023306,AS,motor neuron,http://www.wormatlas.org/neurons/Individual%20Neurons/ASframeset.html
ASEL,0.15,H,C,57,0.069112,0.0004919,ASE,sensory neuron,http://www.wormatlas.org/neurons/Individual%20Neurons/ASEframeset.html
ASER,0.15,H,C,58,0.071767,-0.00073481,ASE,sensory neuron,http://www.wormatlas.org/neurons/Individual%20Neurons/ASEframeset.html
ASGL,0.14,H,C,59,0.077966,-0.0076245,ASG,sensory neuron,http://www.wormatlas.org/neurons/Individual%20Neurons/ASGframeset.html
ASGR,0.14,H,C,60,0.080095,-0.010287000000000001,ASG,sensory neuron,http://www.wormatlas.org/neurons/Individual%20Neurons/ASGframeset.html
ASHL,0.14,H,C,61,0.075507,0.0004919,ASH,sensory neuron,http://www.wormatlas.org/neurons/Individual%20Neurons/ASHframeset.html
ASHR,0.14,H,C,62,0.07837999999999999,-0.00097975,ASH,sensory neuron,http://www.wormatlas.org/neurons/Individual%20Neurons/ASHframeset.html
ASIL,0.14,H,C,63,0.07698200000000001,-0.012789,ASI,sensory neuron,http://www.wormatlas.org/neurons/Individual%20Neurons/ASIframeset.html
ASIR,0.15,H,C,64,0.07715599999999999,-0.011757,ASI,sensory neuron,http://www.wormatlas.org/neurons/Individual%20Neurons/ASIframeset.html
ASJL,0.16,H,C,65,0.063455,0.006640699999999999,ASJ,sensory neuron,http://www.wormatlas.org/neurons/Individual%20Neurons/ASJframeset.html
ASJR,0.16,H,C,66,0.062704,0.009062700000000002,ASJ,sensory neuron,http://www.wormatlas.org/neurons/Individual%20Neurons/ASJframeset.html
ASKL,0.13,H,C,67,0.088542,-0.010084000000000001,ASK,sensory neuron,http://www.wormatlas.org/neurons/Individual%20Neurons/ASKframeset.html
ASKR,0.13,H,C,68,0.088668,-0.009552600000000001,ASK,sensory neuron,http://www.wormatlas.org/neurons/Individual%20Neurons/ASKframeset.html
AUAL,0.15,H,C,69,0.06862,0.0061488,AUA,sensory neuron,http://www.wormatlas.org/neurons/Individual%20Neurons/AUAframeset.html
AUAR,0.16,H,C,70,0.067113,0.0053886,AUA,sensory neuron,http://www.wormatlas.org/neurons/Individual%20Neurons/AUAframeset.html
AVAL,0.13,H,C,71,0.089526,0.0017216999999999998,AVA,interneuron,http://www.wormatlas.org/neurons/Individual%20Neurons/AVAframeset.html
AVAR,0.13,H,C,72,0.09087200000000001,-0.00024494,AVA,interneuron,http://www.wormatlas.org/neurons/Individual%20Neurons/AVAframeset.html
AVBL,0.15,H,C,73,0.069112,-0.0044271,AVB,interneuron,http://www.wormatlas.org/neurons/Individual%20Neurons/AVBframeset.html
AVBR,0.15,H,C,74,0.071767,-0.0063684,AVB,interneuron,http://www.wormatlas.org/neurons/Individual%20Neurons/AVBframeset.html
AVDL,0.16,H,C,75,0.061734000000000004,-0.0014757,AVD,interneuron,http://www.wormatlas.org/neurons/Individual%20Neurons/AVDframeset.html
AVDR,0.16,H,C,76,0.06637799999999999,-0.0014696,AVD,interneuron,http://www.wormatlas.org/neurons/Individual%20Neurons/AVDframeset.html
AVEL,0.13,H,C,77,0.082885,0.0022136,AVE,interneuron,http://www.wormatlas.org/neurons/Individual%20Neurons/AVEframeset.html
AVER,0.14,H,C,78,0.084014,0.0031842,AVE,interneuron,http://www.wormatlas.org/neurons/Individual%20Neurons/AVEframeset.html
AVFL,0.2,H,E,147,0.018615,0.022779,AVF,"motor neuron,interneuron",http://www.wormatlas.org/neurons/Individual%20Neurons/AVFframeset.html
AVFR,0.2,H,E,148,0.024494,0.022534000000000002,AVF,"motor neuron,interneuron",http://www.wormatlas.org/neurons/Individual%20Neurons/AVFframeset.html
AVG,0.22,H,E,149,0.0019595,0.024494,AVG,"sensory neuron,interneuron",http://www.wormatlas.org/neurons/Individual%20Neurons/AVGframeset.html
AVHL,0.15,H,C,79,0.072063,-0.0086083,AVH,interneuron,http://www.wormatlas.org/neurons/Individual%20Neurons/AVHframeset.html
AVHR,0.15,H,C,80,0.076421,-0.012737,AVH,interneuron,http://www.wormatlas.org/neurons/Individual%20Neurons/AVHframeset.html
AVJL,0.15,H,C,81,0.067636,-0.0093461,AVJ,interneuron,http://www.wormatlas.org/neurons/Individual%20Neurons/AVJframeset.html
AVJR,0.15,H,C,82,0.072992,-0.009797499999999999,AVJ,interneuron,http://www.wormatlas.org/neurons/Individual%20Neurons/AVJframeset.html
AVKL,0.2,H,D,115,0.026808999999999996,0.017708,AVK,interneuron,http://www.wormatlas.org/neurons/Individual%20Neurons/AVKframeset.html
AVKR,0.19,H,D,116,0.031842,0.015921,AVK,interneuron,http://www.wormatlas.org/neurons/Individual%20Neurons/AVKframeset.html
AVL,0.16,H,D,117,0.060989999999999996,0.009062700000000002,AVL,"motor neuron,interneuron",http://www.wormatlas.org/neurons/Individual%20Neurons/AVLframeset.html
AVM,0.44,M,F,172,-0.34796,0.022892,AVM,sensory neuron,http://www.wormatlas.org/neurons/Individual%20Neurons/AVMframeset.html
AWAL,0.14,H,C,83,0.077966,-0.0029514,AWA,sensory neuron,http://www.wormatlas.org/neurons/Individual%20Neurons/AWAframeset.html
AWAR,0.14,H,C,84,0.07837999999999999,-0.0053886,AWA,sensory neuron,http://www.wormatlas.org/neurons/Individual%20Neurons/AWAframeset.html
AWBL,0.14,H,C,85,0.079196,-0.0039352,AWB,sensory neuron,http://www.wormatlas.org/neurons/Individual%20Neurons/AWBframeset.html
AWBR,0.14,H,C,86,0.082789,-0.0068582999999999995,AWB,sensory neuron,http://www.wormatlas.org/neurons/Individual%20Neurons/AWBframeset.html
AWCL,0.14,H,C,87,0.078458,0.004919,AWC,sensory neuron,http://www.wormatlas.org/neurons/Individual%20Neurons/AWCframeset.html
AWCR,0.14,H,C,88,0.078625,0.004164,AWC,sensory neuron,http://www.wormatlas.org/neurons/Individual%20Neurons/AWCframeset.html
BAGL,0.1,H,A,1,0.11289,0.0004919,BAG,sensory neuron,http://www.wormatlas.org/neurons/Individual%20Neurons/BAGframeset.html
BAGR,0.11,H,A,2,0.11463,0.0031842,BAG,sensory neuron,http://www.wormatlas.org/neurons/Individual%20Neurons/BAGframeset.html
BDUL,0.31,M,F,173,-0.13278,-0.0015262000000000001,BDU,interneuron,http://www.wormatlas.org/neurons/Individual%20Neurons/BDUframeset.html
BDUR,0.31,M,F,174,-0.1343,0.004578499999999999,BDU,interneuron,http://www.wormatlas.org/neurons/Individual%20Neurons/BDUframeset.html
CEPDL,0.12,H,B,40,0.094199,-0.016233,CEP,sensory neuron,http://www.wormatlas.org/neurons/Individual%20Neurons/CEPframeset.html
CEPDR,0.13,H,B,41,0.09601599999999999,-0.012492,CEP,sensory neuron,http://www.wormatlas.org/neurons/Individual%20Neurons/CEPframeset.html
CEPVL,0.11,H,A,3,0.10747999999999999,0.011314,CEP,sensory neuron,http://www.wormatlas.org/neurons/Individual%20Neurons/CEPframeset.html
CEPVR,0.12,H,A,4,0.10507999999999999,0.014941,CEP,sensory neuron,http://www.wormatlas.org/neurons/Individual%20Neurons/CEPframeset.html
DA01,0.25,M,E,150,-0.023024,0.024249,DA,motor neuron,http://www.wormatlas.org/neurons/Individual%20Neurons/DAframeset.html
DA02,0.3,M,G,232,-0.1282,0.038154,DA,motor neuron,http://www.wormatlas.org/neurons/Individual%20Neurons/DAframeset.html
DA03,0.37,M,G,233,-0.2335,0.041206,DA,motor neuron,http://www.wormatlas.org/neurons/Individual%20Neurons/DAframeset.html
DA04,0.45,M,G,234,-0.37390999999999996,0.041206,DA,motor neuron,http://www.wormatlas.org/neurons/Individual%20Neurons/DAframeset.html
DA05,0.54,M,G,235,-0.52652,0.03968,DA,motor neuron,http://www.wormatlas.org/neurons/Individual%20Neurons/DAframeset.html
DA06,0.65,M,G,236,-0.69898,0.038154,DA,motor neuron,http://www.wormatlas.org/neurons/Individual%20Neurons/DAframeset.html
DA07,0.73,M,G,237,-0.84091,0.032049,DA,motor neuron,http://www.wormatlas.org/neurons/Individual%20Neurons/DAframeset.html
DA08,0.8,M,H,185,-0.90399,0.003879,DA,motor neuron,http://www.wormatlas.org/neurons/Individual%20Neurons/DAframeset.html
DA09,0.8,M,H,186,-0.90771,0.002639,DA,motor neuron,http://www.wormatlas.org/neurons/Individual%20Neurons/DAframeset.html
DB01,0.24,M,E,151,-0.012247,0.025228999999999998,DB,motor neuron,http://www.wormatlas.org/neurons/Individual%20Neurons/DBframeset.html
DB02,0.21,M,E,152,0.011757,0.024249,DB,motor neuron,http://www.wormatlas.org/neurons/Individual%20Neurons/DBframeset.html
DB03,0.3,M,G,238,-0.12057000000000001,0.038154,DB,motor neuron,http://www.wormatlas.org/neurons/Individual%20Neurons/DBframeset.html
DB04,0.39,M,G,239,-0.27318000000000003,0.03968,DB,motor neuron,http://www.wormatlas.org/neurons/Individual%20Neurons/DBframeset.html
DB05,0.51,M,G,240,-0.46853,0.041206,DB,motor neuron,http://www.wormatlas.org/neurons/Individual%20Neurons/DBframeset.html
DB06,0.62,M,G,241,-0.65777,0.038154,DB,motor neuron,http://www.wormatlas.org/neurons/Individual%20Neurons/DBframeset.html
DB07,0.72,M,G,242,-0.8271799999999999,0.032049,DB,motor neuron,http://www.wormatlas.org/neurons/Individual%20Neurons/DBframeset.html
DD01,0.24,M,E,153,-0.008083,0.024738999999999997,DD,motor neuron,http://www.wormatlas.org/neurons/Individual%20Neurons/DDframeset.html
DD02,0.34,M,G,243,-0.18924000000000002,0.038154,DD,motor neuron,http://www.wormatlas.org/neurons/Individual%20Neurons/DDframeset.html
DD03,0.45,M,G,244,-0.37849,0.041206,DD,motor neuron,http://www.wormatlas.org/neurons/Individual%20Neurons/DDframeset.html
DD04,0.58,M,G,245,-0.58299,0.041206,DD,motor neuron,http://www.wormatlas.org/neurons/Individual%20Neurons/DDframeset.html
DD05,0.69,M,G,246,-0.76766,0.036627999999999994,DD,motor neuron,http://www.wormatlas.org/neurons/Individual%20Neurons/DDframeset.html
DD06,0.8,M,H,187,-0.89531,0.005118999999999999,DD,motor neuron,http://www.wormatlas.org/neurons/Individual%20Neurons/DDframeset.html
DVA,0.81,T,J,196,-0.9445,-0.037868,DVA,interneuron,http://www.wormatlas.org/neurons/Individual%20Neurons/DVAframeset.html
DVB,0.81,T,J,197,-0.93995,-0.035801,DVB,"motor neuron,interneuron",http://www.wormatlas.org/neurons/Individual%20Neurons/DVBframeset.html
DVC,0.81,T,J,198,-0.9515299999999999,-0.037868,DVC,interneuron,http://www.wormatlas.org/neurons/Individual%20Neurons/DVCframeset.html
FLPL,0.2,H,E,154,0.023365,0.009100200000000001,FLP,sensory neuron,http://www.wormatlas.org/neurons/Individual%20Neurons/FLPframeset.html
FLPR,0.2,H,E,155,0.024984,0.003919,FLP,sensory neuron,http://www.wormatlas.org/neurons/Individual%20Neurons/FLPframeset.html
HSNL,0.55,M,F,175,-0.53873,0.0091569,HSN,motor neuron,http://www.wormatlas.org/neurons/Individual%20Neurons/HSNframeset.html
HSNR,0.55,M,F,176,-0.54178,0.035102,HSN,motor neuron,http://www.wormatlas.org/neurons/Individual%20Neurons/HSNframeset.html
IL1DL,0.08,H,A,5,0.12814,-0.014511000000000001,IL1,"sensory neuron,motor neuron",http://www.wormatlas.org/neurons/Individual%20Neurons/IL1frameset.html
IL1DR,0.09,H,A,6,0.12688,-0.010042,IL1,"sensory neuron,motor neuron",http://www.wormatlas.org/neurons/Individual%20Neurons/IL1frameset.html
IL1L,0.08,H,A,7,0.12642,-0.0009838,IL1,"sensory neuron,motor neuron",http://www.wormatlas.org/neurons/Individual%20Neurons/IL1frameset.html
IL1R,0.09,H,A,8,0.12418,0.0024494,IL1,"sensory neuron,motor neuron",http://www.wormatlas.org/neurons/Individual%20Neurons/IL1frameset.html
IL1VL,0.08,H,A,9,0.12912,0.011806,IL1,"sensory neuron,motor neuron",http://www.wormatlas.org/neurons/Individual%20Neurons/IL1frameset.html
IL1VR,0.11,H,A,10,0.11218,0.013227000000000001,IL1,"sensory neuron,motor neuron",http://www.wormatlas.org/neurons/Individual%20Neurons/IL1frameset.html
IL2DL,0.07,H,A,11,0.13675,-0.015740999999999998,IL2,sensory neuron,http://www.wormatlas.org/neurons/Individual%20Neurons/IL2frameset.html
IL2DR,0.08,H,A,12,0.13741,-0.013961000000000001,IL2,sensory neuron,http://www.wormatlas.org/neurons/Individual%20Neurons/IL2frameset.html
IL2L,0.08,H,A,13,0.13158,-0.0029514,IL2,sensory neuron,http://www.wormatlas.org/neurons/Individual%20Neurons/IL2frameset.html
IL2R,0.09,H,A,14,0.13030999999999998,-0.00073481,IL2,sensory neuron,http://www.wormatlas.org/neurons/Individual%20Neurons/IL2frameset.html
IL2VL,0.08,H,A,15,0.13404000000000002,0.013035,IL2,sensory neuron,http://www.wormatlas.org/neurons/Individual%20Neurons/IL2frameset.html
IL2VR,0.09,H,A,16,0.12688,0.012247,IL2,sensory neuron,http://www.wormatlas.org/neurons/Individual%20Neurons/IL2frameset.html
LUAL,0.82,T,K,201,-0.9730200000000001,-0.020508000000000002,LUA,interneuron,http://www.wormatlas.org/neurons/Individual%20Neurons/LUAframeset.html
LUAR,0.82,T,K,202,-0.98335,-0.018028,LUA,interneuron,http://www.wormatlas.org/neurons/Individual%20Neurons/LUAframeset.html
OLLL,0.08,H,A,17,0.12863,-0.0061488,OLL,sensory neuron,http://www.wormatlas.org/neurons/Individual%20Neurons/OLLframeset.html
OLLR,0.09,H,A,18,0.12908,-0.0044088999999999995,OLL,sensory neuron,http://www.wormatlas.org/neurons/Individual%20Neurons/OLLframeset.html
OLQDL,0.09,H,A,19,0.12272999999999999,-0.015987,OLQ,sensory neuron,http://www.wormatlas.org/neurons/Individual%20Neurons/OLQframeset.html
OLQDR,0.1,H,A,20,0.12172999999999999,-0.012247,OLQ,sensory neuron,http://www.wormatlas.org/neurons/Individual%20Neurons/OLQframeset.html
OLQVL,0.1,H,A,21,0.11609000000000001,0.0041811999999999995,OLQ,sensory neuron,http://www.wormatlas.org/neurons/Individual%20Neurons/OLQframeset.html
OLQVR,0.11,H,A,22,0.11439,0.007593099999999999,OLQ,sensory neuron,http://www.wormatlas.org/neurons/Individual%20Neurons/OLQframeset.html
PDA,0.81,T,H,188,-0.9300299999999999,-0.00025436,PDA,motor neuron,http://www.wormatlas.org/neurons/Individual%20Neurons/PDAframeset.html
PDB,0.8,T,H,189,-0.91309,0.0030523000000000004,PDB,motor neuron,http://www.wormatlas.org/neurons/Individual%20Neurons/PDBframeset.html
PDEL,0.64,M,F,177,-0.68219,-0.012209000000000001,PDE,sensory neuron,http://www.wormatlas.org/neurons/Individual%20Neurons/PDEframeset.html
PDER,0.64,M,F,178,-0.69287,0.021366,PDE,sensory neuron,http://www.wormatlas.org/neurons/Individual%20Neurons/PDEframeset.html
PHAL,0.81,T,K,203,-0.95855,-0.015961000000000003,PHA,sensory neuron,http://www.wormatlas.org/neurons/Individual%20Neurons/PHAframeset.html
PHAR,0.82,T,K,204,-0.96062,-0.016788,PHA,sensory neuron,http://www.wormatlas.org/neurons/Individual%20Neurons/PHAframeset.html
PHBL,0.82,T,K,205,-0.98087,-0.015134,PHB,sensory neuron,http://www.wormatlas.org/neurons/Individual%20Neurons/PHBframeset.html
PHBR,0.82,T,K,206,-0.9767399999999999,-0.018028,PHB,sensory neuron,http://www.wormatlas.org/neurons/Individual%20Neurons/PHBframeset.html
PHCL,0.83,T,K,207,-1.0172,-0.016374,PHC,sensory neuron,http://www.wormatlas.org/neurons/Individual%20Neurons/PHCframeset.html
PHCR,0.83,T,K,208,-1.0139,-0.023814,PHC,sensory neuron,http://www.wormatlas.org/neurons/Individual%20Neurons/PHCframeset.html
PLML,0.83,T,K,209,-1.0251,-0.018441,PLM,sensory neuron,http://www.wormatlas.org/neurons/Individual%20Neurons/PLMframeset.html
PLMR,0.83,T,K,210,-1.023,-0.017200999999999998,PLM,sensory neuron,http://www.wormatlas.org/neurons/Individual%20Neurons/PLMframeset.html
PLNL,0.83,T,K,211,-1.0086,-0.014308000000000001,PLN,sensory neuron,http://www.wormatlas.org/neurons/Individual%20Neurons/PLNframeset.html
PLNR,0.82,T,K,212,-0.9701299999999999,-0.017613999999999998,PLN,sensory neuron,http://www.wormatlas.org/neurons/Individual%20Neurons/PLNframeset.html
PQR,0.82,T,K,213,-0.9903799999999999,-0.014308000000000001,PQR,sensory neuron,http://www.wormatlas.org/neurons/Individual%20Neurons/PQRframeset.html
PVCL,0.82,T,K,214,-0.9767399999999999,-0.040348,PVC,interneuron,http://www.wormatlas.org/neurons/Individual%20Neurons/PVCframeset.html
PVCR,0.82,T,K,215,-0.9899700000000001,-0.030427999999999997,PVC,interneuron,http://www.wormatlas.org/neurons/Individual%20Neurons/PVCframeset.html
PVDL,0.65,M,F,179,-0.69593,-0.012209000000000001,PVD,interneuron,http://www.wormatlas.org/neurons/Individual%20Neurons/PVDframeset.html
PVDR,0.65,M,F,180,-0.69898,0.018313999999999997,PVD,interneuron,http://www.wormatlas.org/neurons/Individual%20Neurons/PVDframeset.html
PVM,0.65,M,F,181,-0.7035600000000001,-0.0091569,PVM,"sensory neuron,interneuron",http://www.wormatlas.org/neurons/Individual%20Neurons/PVMframeset.html
PVNL,0.83,T,K,216,-1.0243,-0.032494,PVN,"motor neuron,interneuron",http://www.wormatlas.org/neurons/Individual%20Neurons/PVNframeset.html
PVNR,0.83,T,K,217,-1.0181,-0.033320999999999996,PVN,"motor neuron,interneuron",http://www.wormatlas.org/neurons/Individual%20Neurons/PVNframeset.html
PVPL,0.8,T,H,190,-0.8957299999999999,0.0096656,PVP,interneuron,http://www.wormatlas.org/neurons/Individual%20Neurons/PVPframeset.html
PVPR,0.79,T,H,191,-0.8783700000000001,0.013386000000000002,PVP,interneuron,http://www.wormatlas.org/neurons/Individual%20Neurons/PVPframeset.html
PVQL,0.82,T,K,218,-0.9631,-0.019268,PVQ,interneuron,http://www.wormatlas.org/neurons/Individual%20Neurons/PVQframeset.html
PVQR,0.81,T,K,219,-0.9531799999999999,-0.024228,PVQ,interneuron,http://www.wormatlas.org/neurons/Individual%20Neurons/PVQframeset.html
PVR,0.82,T,K,220,-0.99451,-0.038694,PVR,"sensory neuron,interneuron",http://www.wormatlas.org/neurons/Individual%20Neurons/PVRframeset.html
PVT,0.79,T,H,192,-0.8825,0.015038999999999999,PVT,interneuron,http://www.wormatlas.org/neurons/Individual%20Neurons/PVTframeset.html
PVWL,0.83,T,K,221,-0.9990600000000001,-0.018028,PVW,interneuron,http://www.wormatlas.org/neurons/Individual%20Neurons/PVWframeset.html
PVWR,0.83,T,K,222,-1.0077,-0.036213999999999996,PVW,interneuron,http://www.wormatlas.org/neurons/Individual%20Neurons/PVWframeset.html
RIAL,0.13,H,C,89,0.089526,-0.0039352,RIA,interneuron,http://www.wormatlas.org/neurons/Individual%20Neurons/RIAframeset.html
RIAR,0.13,H,C,90,0.089892,-0.0046538000000000005,RIA,interneuron,http://www.wormatlas.org/neurons/Individual%20Neurons/RIAframeset.html
RIBL,0.15,H,C,91,0.070342,0.0044271,RIB,interneuron,http://www.wormatlas.org/neurons/Individual%20Neurons/RIBframeset.html
RIBR,0.15,H,C,92,0.07103200000000001,0.0051437,RIB,interneuron,http://www.wormatlas.org/neurons/Individual%20Neurons/RIBframeset.html
RICL,0.16,H,C,93,0.05583099999999999,0.0061488,RIC,interneuron,http://www.wormatlas.org/neurons/Individual%20Neurons/RICframeset.html
RICR,0.17,H,C,94,0.052907,0.0048988,RIC,interneuron,http://www.wormatlas.org/neurons/Individual%20Neurons/RICframeset.html
RID,0.11,H,B,42,0.09871,-0.016411000000000002,RID,"motor neuron,interneuron",http://www.wormatlas.org/neurons/Individual%20Neurons/RIDframeset.html
RIFL,0.22,H,E,156,0.0044088999999999995,0.024494,RIF,interneuron,http://www.wormatlas.org/neurons/Individual%20Neurons/RIFframeset.html
RIFR,0.21,H,E,157,0.016656,0.023024,RIF,interneuron,http://www.wormatlas.org/neurons/Individual%20Neurons/RIFframeset.html
RIGL,0.23,H,E,158,-0.0063684,0.024738999999999997,RIG,interneuron,http://www.wormatlas.org/neurons/Individual%20Neurons/RIGframeset.html
RIGR,0.22,H,E,159,0.0083279,0.023024,RIG,interneuron,http://www.wormatlas.org/neurons/Individual%20Neurons/RIGframeset.html
RIH,0.14,H,D,118,0.079934,0.009592100000000001,RIH,interneuron,http://www.wormatlas.org/neurons/Individual%20Neurons/RIHframeset.html
RIML,0.15,H,C,95,0.064439,0.0024595,RIM,motor neuron,http://www.wormatlas.org/neurons/Individual%20Neurons/RIMframeset.html
RIMR,0.16,H,C,96,0.066868,0.0034290999999999996,RIM,motor neuron,http://www.wormatlas.org/neurons/Individual%20Neurons/RIMframeset.html
RIPL,0.09,H,A,23,0.1215,-0.006640699999999999,RIP,interneuron,http://www.wormatlas.org/neurons/Individual%20Neurons/RIPframeset.html
RIPR,0.1,H,A,24,0.121,-0.0031842,RIP,interneuron,http://www.wormatlas.org/neurons/Individual%20Neurons/RIPframeset.html
RIR,0.15,H,D,119,0.069562,0.009307700000000002,RIR,interneuron,http://www.wormatlas.org/neurons/Individual%20Neurons/RIRframeset.html
RIS,0.19,H,D,120,0.034536000000000004,0.016166,RIS,interneuron,http://www.wormatlas.org/neurons/Individual%20Neurons/RISframeset.html
RIVL,0.14,H,C,97,0.073047,-0.0182,RIV,"motor neuron,interneuron",http://www.wormatlas.org/neurons/Individual%20Neurons/RIVframeset.html
RIVR,0.15,H,C,98,0.076176,-0.016901,RIV,"motor neuron,interneuron",http://www.wormatlas.org/neurons/Individual%20Neurons/RIVframeset.html
RMDDL,0.14,H,D,121,0.07895,0.0093461,RMD,"motor neuron,interneuron",http://www.wormatlas.org/neurons/Individual%20Neurons/RMDframeset.html
RMDDR,0.15,H,D,122,0.07715599999999999,0.012247,RMD,"motor neuron,interneuron",http://www.wormatlas.org/neurons/Individual%20Neurons/RMDframeset.html
RMDL,0.13,H,C,99,0.087312,0.0051649999999999995,RMD,"motor neuron,interneuron",http://www.wormatlas.org/neurons/Individual%20Neurons/RMDframeset.html
RMDR,0.13,H,C,100,0.087933,0.0051437,RMD,"motor neuron,interneuron",http://www.wormatlas.org/neurons/Individual%20Neurons/RMDframeset.html
RMDVL,0.12,H,C,101,0.094199,-0.0029514,RMD,"motor neuron,interneuron",http://www.wormatlas.org/neurons/Individual%20Neurons/RMDframeset.html
RMDVR,0.12,H,C,102,0.09724,-0.0019595,RMD,"motor neuron,interneuron",http://www.wormatlas.org/neurons/Individual%20Neurons/RMDframeset.html
RMED,0.1,H,A,25,0.1156,-0.017953999999999998,RME,motor neuron,http://www.wormatlas.org/neurons/Individual%20Neurons/RMEframeset.html
RMEL,0.1,H,A,26,0.11265,-0.0029514,RME,motor neuron,http://www.wormatlas.org/neurons/Individual%20Neurons/RMEframeset.html
RMER,0.11,H,A,27,0.11292,-0.00024494,RME,motor neuron,http://www.wormatlas.org/neurons/Individual%20Neurons/RMEframeset.html
RMEV,0.12,H,A,28,0.094056,0.017391,RME,motor neuron,http://www.wormatlas.org/neurons/Individual%20Neurons/RMEframeset.html
RMFL,0.15,H,D,123,0.069112,0.012789,RMF,"motor neuron,interneuron",http://www.wormatlas.org/neurons/Individual%20Neurons/RMFframeset.html
RMFR,0.15,H,D,124,0.071277,0.012247,RMF,"motor neuron,interneuron",http://www.wormatlas.org/neurons/Individual%20Neurons/RMFframeset.html
RMGL,0.22,H,E,160,0.0088542,0.0034433,RMG,"motor neuron,interneuron",http://www.wormatlas.org/neurons/Individual%20Neurons/RMGframeset.html
RMGR,0.22,H,E,161,0.009552600000000001,0.0017146000000000002,RMG,"motor neuron,interneuron",http://www.wormatlas.org/neurons/Individual%20Neurons/RMGframeset.html
RMHL,0.14,H,D,125,0.073047,0.009100200000000001,RMH,"motor neuron,interneuron",http://www.wormatlas.org/neurons/Individual%20Neurons/RMHframeset.html
RMHR,0.15,H,D,126,0.072257,0.010042,RMH,"motor neuron,interneuron",http://www.wormatlas.org/neurons/Individual%20Neurons/RMHframeset.html
SAADL,0.14,H,D,127,0.07772000000000001,0.0093461,SAA,interneuron,http://www.wormatlas.org/neurons/Individual%20Neurons/SAAframeset.html
SAADR,0.14,H,D,128,0.07837999999999999,0.011512,SAA,interneuron,http://www.wormatlas.org/neurons/Individual%20Neurons/SAAframeset.html
SAAVL,0.12,H,C,103,0.094445,-0.0059028,SAA,interneuron,http://www.wormatlas.org/neurons/Individual%20Neurons/SAAframeset.html
SAAVR,0.13,H,C,104,0.094546,-0.0026943,SAA,interneuron,http://www.wormatlas.org/neurons/Individual%20Neurons/SAAframeset.html
SABD,0.23,H,E,162,-0.0026943,0.024249,SAB,interneuron,http://www.wormatlas.org/neurons/Individual%20Neurons/SABframeset.html
SABVL,0.2,H,E,163,0.024738999999999997,0.022289,SAB,interneuron,http://www.wormatlas.org/neurons/Individual%20Neurons/SABframeset.html
SABVR,0.2,H,E,164,0.02033,0.022779,SAB,interneuron,http://www.wormatlas.org/neurons/Individual%20Neurons/SABframeset.html
SDQL,0.64,M,F,182,-0.68982,-0.010683,SDQ,interneuron,http://www.wormatlas.org/neurons/Individual%20Neurons/SDQframeset.html
SDQR,0.32,M,F,183,-0.14651,-0.0030523000000000004,SDQ,interneuron,http://www.wormatlas.org/neurons/Individual%20Neurons/SDQframeset.html
SIADL,0.15,H,D,129,0.068374,0.010822,SIA,interneuron,http://www.wormatlas.org/neurons/Individual%20Neurons/SIAframeset.html
SIADR,0.16,H,D,130,0.06147999999999999,0.014941,SIA,interneuron,http://www.wormatlas.org/neurons/Individual%20Neurons/SIAframeset.html
SIAVL,0.17,H,D,131,0.051896000000000005,0.014019,SIA,interneuron,http://www.wormatlas.org/neurons/Individual%20Neurons/SIAframeset.html
SIAVR,0.17,H,D,132,0.054621,0.011267000000000001,SIA,interneuron,http://www.wormatlas.org/neurons/Individual%20Neurons/SIAframeset.html
SIBDL,0.14,H,C,105,0.079688,0.0068866,SIB,interneuron,http://www.wormatlas.org/neurons/Individual%20Neurons/SIBframeset.html
SIBDR,0.14,H,C,106,0.07985,0.007348100000000001,SIB,interneuron,http://www.wormatlas.org/neurons/Individual%20Neurons/SIBframeset.html
SIBVL,0.14,H,D,133,0.074277,0.010084000000000001,SIB,interneuron,http://www.wormatlas.org/neurons/Individual%20Neurons/SIBframeset.html
SIBVR,0.15,H,D,134,0.073237,0.009797499999999999,SIB,interneuron,http://www.wormatlas.org/neurons/Individual%20Neurons/SIBframeset.html
SMBDL,0.15,H,D,135,0.064685,0.014019,SMB,"motor neuron,interneuron",http://www.wormatlas.org/neurons/Individual%20Neurons/SMBframeset.html
SMBDR,0.17,H,D,136,0.057316,0.016901,SMB,"motor neuron,interneuron",http://www.wormatlas.org/neurons/Individual%20Neurons/SMBframeset.html
SMBVL,0.16,H,D,137,0.05952,0.014265,SMB,"motor neuron,interneuron",http://www.wormatlas.org/neurons/Individual%20Neurons/SMBframeset.html
SMBVR,0.16,H,D,138,0.066133,0.012737,SMB,"motor neuron,interneuron",http://www.wormatlas.org/neurons/Individual%20Neurons/SMBframeset.html
SMDDL,0.14,H,D,139,0.072555,0.013281,SMD,"motor neuron,interneuron",http://www.wormatlas.org/neurons/Individual%20Neurons/SMDframeset.html
SMDDR,0.15,H,D,140,0.070787,0.014696,SMD,"motor neuron,interneuron",http://www.wormatlas.org/neurons/Individual%20Neurons/SMDframeset.html
SMDVL,0.12,H,C,107,0.093811,-0.0048988,SMD,"motor neuron,interneuron",http://www.wormatlas.org/neurons/Individual%20Neurons/SMDframeset.html
SMDVR,0.13,H,C,108,0.093811,-0.0048988,SMD,"motor neuron,interneuron",http://www.wormatlas.org/neurons/Individual%20Neurons/SMDframeset.html
URADL,0.08,H,A,29,0.13134,-0.012052,URA,"sensory neuron,motor neuron",http://www.wormatlas.org/neurons/Individual%20Neurons/URAframeset.html
URADR,0.09,H,A,30,0.12492,-0.0083279,URA,"sensory neuron,motor neuron",http://www.wormatlas.org/neurons/Individual%20Neurons/URAframeset.html
URAVL,0.1,H,A,31,0.11657999999999999,0.0093461,URA,"sensory neuron,motor neuron",http://www.wormatlas.org/neurons/Individual%20Neurons/URAframeset.html
URAVR,0.11,H,A,32,0.11341,0.011267000000000001,URA,"sensory neuron,motor neuron",http://www.wormatlas.org/neurons/Individual%20Neurons/URAframeset.html
URBL,0.09,H,A,33,0.12100999999999999,-0.0029514,URB,"sensory neuron,interneuron",http://www.wormatlas.org/neurons/Individual%20Neurons/URBframeset.html
URBR,0.1,H,A,34,0.12222000000000001,-0.0012247,URB,"sensory neuron,interneuron",http://www.wormatlas.org/neurons/Individual%20Neurons/URBframeset.html
URXL,0.12,H,B,43,0.092231,-0.011806,URX,"sensory neuron,interneuron",http://www.wormatlas.org/neurons/Individual%20Neurons/URXframeset.html
URXR,0.13,H,B,44,0.093077,-0.010042,URX,"sensory neuron,interneuron",http://www.wormatlas.org/neurons/Individual%20Neurons/URXframeset.html
URYDL,0.08,H,A,35,0.12568,-0.012052,URY,sensory neuron,http://www.wormatlas.org/neurons/Individual%20Neurons/URYframeset.html
URYDR,0.09,H,A,36,0.13055,-0.009552600000000001,URY,sensory neuron,http://www.wormatlas.org/neurons/Individual%20Neurons/URYframeset.html
URYVL,0.09,H,A,37,0.1215,0.0022136,URY,sensory neuron,http://www.wormatlas.org/neurons/Individual%20Neurons/URYframeset.html
URYVR,0.1,H,A,38,0.121,0.0071032,URY,sensory neuron,http://www.wormatlas.org/neurons/Individual%20Neurons/URYframeset.html
VA01,0.23,M,E,165,-0.0026943,0.024738999999999997,VA,motor neuron,http://www.wormatlas.org/neurons/Individual%20Neurons/VAframeset.html
VA02,0.27,M,G,249,-0.070203,0.036627999999999994,VA,motor neuron,http://www.wormatlas.org/neurons/Individual%20Neurons/VAframeset.html
VA03,0.31,M,G,250,-0.14498,0.038154,VA,motor neuron,http://www.wormatlas.org/neurons/Individual%20Neurons/VAframeset.html
VA04,0.37,M,G,251,-0.23961,0.03968,VA,motor neuron,http://www.wormatlas.org/neurons/Individual%20Neurons/VAframeset.html
VA05,0.43,M,G,252,-0.34338,0.042732,VA,motor neuron,http://www.wormatlas.org/neurons/Individual%20Neurons/VAframeset.html
VA06,0.5,M,G,253,-0.44564,0.042732,VA,motor neuron,http://www.wormatlas.org/neurons/Individual%20Neurons/VAframeset.html
VA07,0.55,M,G,254,-0.5463600000000001,0.042732,VA,motor neuron,http://www.wormatlas.org/neurons/Individual%20Neurons/VAframeset.html
VA08,0.6,M,G,255,-0.6257199999999999,0.03968,VA,motor neuron,http://www.wormatlas.org/neurons/Individual%20Neurons/VAframeset.html
VA09,0.66,M,G,256,-0.71424,0.036627999999999994,VA,motor neuron,http://www.wormatlas.org/neurons/Individual%20Neurons/VAframeset.html
VA10,0.71,M,G,247,-0.80886,0.033575,VA,motor neuron,http://www.wormatlas.org/neurons/Individual%20Neurons/VAframeset.html
VA11,0.77,M,G,248,-0.78578,0.027852,VA,motor neuron,http://www.wormatlas.org/neurons/Individual%20Neurons/VAframeset.html
VA12,0.8,M,H,193,-0.89118,0.0084256,VA,motor neuron,http://www.wormatlas.org/neurons/Individual%20Neurons/VAframeset.html
VB01,0.21,M,E,166,0.014941,0.024003999999999998,VB,motor neuron,http://www.wormatlas.org/neurons/Individual%20Neurons/VBframeset.html
VB02,0.19,M,E,167,0.029393,0.023514,VB,motor neuron,http://www.wormatlas.org/neurons/Individual%20Neurons/VBframeset.html
VB03,0.28,M,G,259,-0.080886,0.036627999999999994,VB,motor neuron,http://www.wormatlas.org/neurons/Individual%20Neurons/VBframeset.html
VB04,0.32,M,G,260,-0.16025,0.038154,VB,motor neuron,http://www.wormatlas.org/neurons/Individual%20Neurons/VBframeset.html
VB05,0.38,M,G,261,-0.25182,0.041206,VB,motor neuron,http://www.wormatlas.org/neurons/Individual%20Neurons/VBframeset.html
VB06,0.45,M,G,262,-0.36933,0.042732,VB,motor neuron,http://www.wormatlas.org/neurons/Individual%20Neurons/VBframeset.html
VB07,0.5,M,G,263,-0.45632,0.042732,VB,motor neuron,http://www.wormatlas.org/neurons/Individual%20Neurons/VBframeset.html
VB08,0.57,M,G,264,-0.56315,0.041206,VB,motor neuron,http://www.wormatlas.org/neurons/Individual%20Neurons/VBframeset.html
VB09,0.61,M,G,265,-0.63641,0.041206,VB,motor neuron,http://www.wormatlas.org/neurons/Individual%20Neurons/VBframeset.html
VB10,0.67,M,G,257,-0.73866,0.036627999999999994,VB,motor neuron,http://www.wormatlas.org/neurons/Individual%20Neurons/VBframeset.html
VB11,0.72,M,G,258,-0.81802,0.033575,VB,motor neuron,http://www.wormatlas.org/neurons/Individual%20Neurons/VBframeset.html
VC01,0.33,M,G,266,-0.16635,0.038154,VC,motor neuron,http://www.wormatlas.org/neurons/Individual%20Neurons/VCframeset.html
VC02,0.38,M,G,267,-0.26097,0.041206,VC,motor neuron,http://www.wormatlas.org/neurons/Individual%20Neurons/VCframeset.html
VC03,0.46,M,G,268,-0.3968,0.042732,VC,motor neuron,http://www.wormatlas.org/neurons/Individual%20Neurons/VCframeset.html
VC04,0.53,M,G,269,-0.49753000000000003,0.038154,VC,motor neuron,http://www.wormatlas.org/neurons/Individual%20Neurons/VCframeset.html
VC05,0.55,M,G,270,-0.53263,0.042732,VC,motor neuron,http://www.wormatlas.org/neurons/Individual%20Neurons/VCframeset.html
VD01,0.25,M,E,168,-0.0218,0.024249,VD,motor neuron,http://www.wormatlas.org/neurons/Individual%20Neurons/VDframeset.html
VD02,0.26,M,E,169,-0.030862,0.024249,VD,motor neuron,http://www.wormatlas.org/neurons/Individual%20Neurons/VDframeset.html
VD03,0.31,M,G,273,-0.1343,0.038154,VD,motor neuron,http://www.wormatlas.org/neurons/Individual%20Neurons/VDframeset.html
VD04,0.36,M,G,274,-0.21977,0.041206,VD,motor neuron,http://www.wormatlas.org/neurons/Individual%20Neurons/VDframeset.html
VD05,0.42,M,G,275,-0.31439,0.042732,VD,motor neuron,http://www.wormatlas.org/neurons/Individual%20Neurons/VDframeset.html
VD06,0.47,M,G,276,-0.40596,0.044258,VD,motor neuron,http://www.wormatlas.org/neurons/Individual%20Neurons/VDframeset.html
VD07,0.52,M,G,277,-0.48836999999999997,0.041206,VD,motor neuron,http://www.wormatlas.org/neurons/Individual%20Neurons/VDframeset.html
VD08,0.59,M,G,278,-0.59673,0.042732,VD,motor neuron,http://www.wormatlas.org/neurons/Individual%20Neurons/VDframeset.html
VD09,0.64,M,G,279,-0.6883,0.038154,VD,motor neuron,http://www.wormatlas.org/neurons/Individual%20Neurons/VDframeset.html
VD10,0.69,M,G,271,-0.77376,0.036627999999999994,VD,motor neuron,http://www.wormatlas.org/neurons/Individual%20Neurons/VDframeset.html
VD11,0.74,M,G,272,-0.84854,0.033575,VD,motor neuron,http://www.wormatlas.org/neurons/Individual%20Neurons/VDframeset.html
VD12,0.79,M,H,194,-0.86845,0.017519,VD,motor neuron,http://www.wormatlas.org/neurons/Individual%20Neurons/VDframeset.html
VD13,0.8,M,H,195,-0.91474,0.00015897,VD,motor neuron,http://www.wormatlas.org/neurons/Individual%20Neurons/VDframeset.html
